entry_date,entry_price,trade_type,stop_loss,initial_tp,tp_activated,exit_date,exit_price,exit_reason,pnl,returns
2021-07-29 01:00:00,1816.408,long,1813.683388,1822.765428,True,2021-07-29 19:30:00,1828.748,Trailing Take Profit (EMA Cross),12.340000000000146,0.006793627863343558
2021-07-30 00:00:00,1827.968,short,1830.7099520000002,1821.570112,False,2021-07-30 07:15:00,1830.7099520000002,Stop Loss,-2.741952000000083,-0.0015000000000000454
2021-08-03 12:45:00,1812.521,long,1809.8022185,1818.8648235,False,2021-08-03 13:30:00,1809.8022185,Stop Loss,-2.7187814999999773,-0.0014999999999999875
2021-08-04 01:45:00,1812.798,long,1810.078803,1819.1427930000002,True,2021-08-04 14:00:00,1817.518,Trailing Take Profit (EMA Cross),4.720000000000027,0.002603709845222704
2021-08-04 14:15:00,1811.218,short,1813.9348270000003,1804.8787370000002,False,2021-08-05 07:45:00,1813.9348270000003,Stop Loss,-2.716827000000194,-0.001500000000000107
2021-08-06 11:45:00,1799.538,long,1796.8386930000001,1805.836383,False,2021-08-06 12:15:00,1796.8386930000001,Stop Loss,-2.6993069999998625,-0.0014999999999999235
2021-08-06 12:30:00,1779.898,short,1782.567847,1773.668357,True,2021-08-09 01:15:00,1740.298,Trailing Take Profit (EMA Cross),39.59999999999991,0.02224846592332814
2021-08-13 12:45:00,1762.698,long,1760.053953,1768.867443,True,2021-08-16 01:45:00,1777.008,Trailing Take Profit (EMA Cross),14.309999999999945,0.008118236929978899
2021-09-10 05:30:00,1802.644,long,1799.9400340000002,1808.953254,False,2021-09-10 08:00:00,1799.9400340000002,Stop Loss,-2.7039659999998094,-0.0014999999999998942
2021-09-15 12:45:00,1796.537,short,1799.2318055,1790.2491205000001,False,2021-09-15 13:30:00,1799.2318055,Stop Loss,-2.6948055000000295,-0.0015000000000000163
2021-09-22 18:00:00,1785.638,long,1782.959543,1791.887733,False,2021-09-22 18:15:00,1782.959543,Stop Loss,-2.6784569999999803,-0.001499999999999989
2021-10-01 12:00:00,1750.025,short,1752.6500375000003,1743.8999125000003,False,2021-10-01 12:15:00,1752.6500375000003,Stop Loss,-2.6250375000001895,-0.0015000000000001082
2021-10-01 12:30:00,1757.018,long,1754.3824730000001,1763.1675630000002,False,2021-10-01 14:00:00,1754.3824730000001,Stop Loss,-2.635526999999911,-0.0014999999999999493
2021-10-10 22:15:00,1752.528,short,1755.1567920000002,1746.394152,False,2021-10-10 23:00:00,1755.1567920000002,Stop Loss,-2.628792000000203,-0.0015000000000001158
2021-10-13 12:30:00,1760.158,short,1762.798237,1753.997447,False,2021-10-13 12:45:00,1762.798237,Stop Loss,-2.64023700000007,-0.00150000000000004
2021-10-20 12:00:00,1783.538,long,1780.862693,1789.780383,False,2021-10-20 13:15:00,1780.862693,Stop Loss,-2.6753069999999752,-0.0014999999999999862
2021-10-21 11:00:00,1780.864,short,1783.5352960000002,1774.6309760000001,False,2021-10-21 12:30:00,1783.5352960000002,Stop Loss,-2.6712960000002113,-0.0015000000000001186
2021-10-22 06:30:00,1792.734,long,1790.044899,1799.008569,True,2021-10-22 15:15:00,1800.638,Trailing Take Profit (EMA Cross),7.903999999999996,0.0044089084047047675
2021-10-26 12:15:00,1797.108,short,1799.803662,1790.8181220000001,False,2021-10-26 12:30:00,1799.803662,Stop Loss,-2.695662000000084,-0.0015000000000000467
2021-11-01 00:30:00,1782.265,long,1779.5916025000001,1788.5029275000002,True,2021-11-01 19:00:00,1791.308,Trailing Take Profit (EMA Cross),9.042999999999893,0.005073880707975465
2021-11-03 00:15:00,1783.424,short,1786.099136,1777.182016,False,2021-11-03 00:45:00,1786.099136,Stop Loss,-2.675136000000066,-0.001500000000000037
2021-11-09 07:30:00,1821.108,short,1823.839662,1814.734122,False,2021-11-09 08:15:00,1823.839662,Stop Loss,-2.731662000000142,-0.001500000000000078
2021-11-15 13:00:00,1867.988,long,1865.186018,1874.5259580000002,False,2021-11-15 13:15:00,1865.186018,Stop Loss,-2.8019819999999527,-0.0014999999999999747
2021-11-16 08:45:00,1871.998,long,1869.1900030000002,1878.549993,False,2021-11-16 13:45:00,1869.1900030000002,Stop Loss,-2.8079969999998866,-0.0014999999999999393
2021-11-18 13:15:00,1856.488,short,1859.2727320000001,1849.9902920000002,False,2021-11-18 13:30:00,1859.2727320000001,Stop Loss,-2.7847320000000764,-0.001500000000000041
2021-11-25 09:00:00,1792.098,short,1794.786147,1785.825657,False,2021-11-26 02:45:00,1794.786147,Stop Loss,-2.688147000000072,-0.0015000000000000401
2021-11-30 15:45:00,1784.428,short,1787.1046420000002,1778.182502,True,2021-12-01 00:30:00,1776.158,Trailing Take Profit (EMA Cross),8.27000000000021,0.0046345383506648675
2021-12-13 09:15:00,1783.535,short,1786.2103025000001,1777.2926275000002,False,2021-12-13 10:00:00,1786.2103025000001,Stop Loss,-2.6753025000000434,-0.0015000000000000243
2021-12-13 13:15:00,1783.128,short,1785.802692,1776.887052,False,2021-12-13 14:15:00,1785.802692,Stop Loss,-2.67469200000005,-0.0015000000000000282
2021-12-14 07:30:00,1785.345,short,1788.0230175000002,1779.0962925000001,True,2021-12-15 00:00:00,1772.778,Trailing Take Profit (EMA Cross),12.567000000000007,0.007038975660166527
2021-12-17 01:45:00,1802.185,long,1799.4817225,1808.4926475,True,2021-12-17 13:45:00,1806.668,Trailing Take Profit (EMA Cross),4.482999999999947,0.0024875359632889785
2021-12-21 07:45:00,1793.078,long,1790.388383,1799.353773,True,2021-12-21 13:30:00,1796.108,Trailing Take Profit (EMA Cross),3.0299999999999727,0.0016898316749187558
2021-12-22 03:15:00,1790.355,long,1787.6694675,1796.6212425,False,2021-12-22 05:00:00,1787.6694675,Stop Loss,-2.6855324999999084,-0.0014999999999999489
2021-12-23 02:00:00,1807.705,long,1804.9934425000001,1814.0319675,False,2021-12-23 04:15:00,1804.9934425000001,Stop Loss,-2.711557499999799,-0.0014999999999998888
2021-12-23 14:30:00,1800.518,short,1803.218777,1794.2161870000002,False,2021-12-23 15:00:00,1803.218777,Stop Loss,-2.7007770000000164,-0.0015000000000000091
2021-12-31 07:30:00,1817.298,short,1820.0239470000001,1810.937457,False,2021-12-31 09:15:00,1820.0239470000001,Stop Loss,-2.725947000000133,-0.001500000000000073
2022-01-03 01:30:00,1828.094,short,1830.8361410000002,1821.6956710000002,True,2022-01-03 09:00:00,1824.844,Trailing Take Profit (EMA Cross),3.25,0.0017778079245377972
2022-01-06 04:45:00,1805.278,short,1807.9859170000002,1798.9595270000002,True,2022-01-06 10:30:00,1801.868,Trailing Take Profit (EMA Cross),3.410000000000082,0.0018889057530198019
2022-01-18 03:30:00,1816.448,short,1819.1726720000001,1810.0904320000002,True,2022-01-18 11:30:00,1813.488,Trailing Take Profit (EMA Cross),2.9600000000000364,0.0016295539426397212
2022-01-19 13:15:00,1823.788,long,1821.052318,1830.171258,True,2022-01-19 23:30:00,1838.968,Trailing Take Profit (EMA Cross),15.180000000000064,0.00832333582631318
2022-01-21 01:00:00,1836.618,short,1839.3729270000001,1830.1898370000001,False,2022-01-21 02:00:00,1839.3729270000001,Stop Loss,-2.7549270000001798,-0.0015000000000000978
2022-01-26 06:45:00,1846.428,short,1849.1976420000003,1839.9655020000002,True,2022-01-27 08:45:00,1814.298,Trailing Take Profit (EMA Cross),32.13000000000011,0.01740116592685992
2022-01-31 13:45:00,1797.548,long,1794.851678,1803.839418,False,2022-01-31 15:00:00,1794.851678,Stop Loss,-2.696322000000009,-0.001500000000000005
2022-02-02 08:15:00,1799.638,long,1796.938543,1805.936733,True,2022-02-02 13:45:00,1801.058,Trailing Take Profit (EMA Cross),1.4200000000000728,0.000789047575123482
2022-02-02 15:15:00,1806.268,long,1803.558598,1812.589938,False,2022-02-03 07:30:00,1803.558598,Stop Loss,-2.7094019999999546,-0.0014999999999999749
2022-02-03 14:30:00,1795.778,short,1798.471667,1789.4927770000002,True,2022-02-03 15:15:00,1798.471667,Stop Loss,-2.693667000000005,-0.0015000000000000026
2022-02-03 15:45:00,1802.985,long,1800.2805225,1809.2954475,True,2022-02-04 13:30:00,1800.2805225,Stop Loss,-2.704477499999939,-0.0014999999999999662
2022-02-10 08:00:00,1832.718,short,1835.4670770000002,1826.3034870000001,False,2022-02-10 13:30:00,1835.4670770000002,Stop Loss,-2.7490770000001703,-0.0015000000000000928
2022-02-22 07:45:00,1908.558,short,1911.4208370000001,1901.8780470000002,False,2022-02-22 08:00:00,1911.4208370000001,Stop Loss,-2.862837000000127,-0.0015000000000000664
2022-02-23 04:45:00,1896.868,short,1899.713302,1890.2289620000001,True,2022-02-23 10:30:00,1895.383,Trailing Take Profit (EMA Cross),1.4849999999999,0.0007828694458443603
2022-02-24 19:00:00,1904.278,short,1907.1344170000002,1897.613027,True,2022-02-24 23:00:00,1907.1344170000002,Stop Loss,-2.8564170000001923,-0.0015000000000001009
2022-03-06 23:00:00,1987.832,long,1984.8502520000002,1994.7894120000003,False,2022-03-06 23:15:00,1984.8502520000002,Stop Loss,-2.981747999999925,-0.0014999999999999623
2022-03-17 01:30:00,1933.428,long,1930.5278580000002,1940.1949980000002,False,2022-03-17 07:15:00,1930.5278580000002,Stop Loss,-2.90014199999996,-0.0014999999999999792
2022-04-07 11:15:00,1928.462,long,1925.569307,1935.2116170000002,False,2022-04-07 12:45:00,1925.569307,Stop Loss,-2.8926930000000084,-0.0015000000000000044
2022-04-13 05:30:00,1973.188,long,1970.2282180000002,1980.094158,False,2022-04-13 06:00:00,1970.2282180000002,Stop Loss,-2.9597819999999047,-0.0014999999999999517
2022-04-19 12:30:00,1969.948,short,1972.9029220000002,1963.053182,True,2022-04-20 08:30:00,1944.752,Trailing Take Profit (EMA Cross),25.19600000000014,0.012790185324688844
2022-04-27 08:00:00,1891.138,short,1893.974707,1884.519017,False,2022-04-27 08:15:00,1893.974707,Stop Loss,-2.8367070000001604,-0.0015000000000000848
2022-04-29 00:15:00,1897.633,long,1894.7865505000002,1904.2747155000002,True,2022-04-29 12:15:00,1912.436,Trailing Take Profit (EMA Cross),14.802999999999884,0.007800770749665443
2022-05-02 10:45:00,1881.983,long,1879.1600255,1888.5699405,False,2022-05-02 11:00:00,1879.1600255,Stop Loss,-2.822974499999873,-0.0014999999999999326
2022-05-06 08:15:00,1877.439,long,1874.6228415000003,1884.0100365000003,True,2022-05-06 12:45:00,1876.438,Trailing Take Profit (EMA Cross),-1.0009999999999764,-0.0005331731150785598
2022-05-09 08:30:00,1865.388,short,1868.186082,1858.859142,True,2022-05-09 12:15:00,1866.878,Trailing Take Profit (EMA Cross),-1.490000000000009,-0.0007987614372988403
2022-05-12 02:30:00,1853.433,short,1856.2131495,1846.9459845000001,True,2022-05-12 10:15:00,1850.379,Trailing Take Profit (EMA Cross),3.0540000000000873,0.0016477531154350264
2022-05-16 18:45:00,1822.338,long,1819.604493,1828.716183,True,2022-05-17 03:00:00,1823.928,Trailing Take Profit (EMA Cross),1.5900000000001455,0.0008725055395871379
2022-05-19 05:00:00,1813.858,short,1816.5787870000001,1807.509497,False,2022-05-19 08:30:00,1816.5787870000001,Stop Loss,-2.7207870000002004,-0.0015000000000001104
2022-05-25 05:30:00,1859.063,short,1861.8515945000001,1852.5562795000003,True,2022-05-25 18:00:00,1852.563,Trailing Take Profit (EMA Cross),6.5,0.003496385006855604
2022-05-31 14:15:00,1842.513,short,1845.2767695,1836.0642045,False,2022-05-31 14:30:00,1845.2767695,Stop Loss,-2.7637695000000804,-0.0015000000000000436
2022-06-03 12:30:00,1858.598,short,1861.385897,1852.092907,False,2022-06-03 13:15:00,1861.385897,Stop Loss,-2.7878970000001573,-0.0015000000000000846
2022-06-07 07:00:00,1844.263,long,1841.4966055,1850.7179205,True,2022-06-07 12:15:00,1845.39,Trailing Take Profit (EMA Cross),1.12700000000018,0.000611084210874577
2022-06-09 05:45:00,1851.168,short,1853.944752,1844.688912,True,2022-06-09 12:15:00,1849.198,Trailing Take Profit (EMA Cross),1.9699999999998,0.0010641929851854613
2022-06-14 18:45:00,1807.156,short,1809.866734,1800.830954,False,2022-06-14 19:30:00,1809.866734,Stop Loss,-2.710734000000002,-0.0015000000000000013
2022-06-16 10:00:00,1821.258,short,1823.9898870000002,1814.8835970000002,True,2022-06-16 12:00:00,1823.9898870000002,Stop Loss,-2.7318870000001425,-0.0015000000000000783
2022-06-16 20:30:00,1855.818,long,1853.034273,1862.313363,False,2022-06-16 22:00:00,1853.034273,Stop Loss,-2.783726999999999,-0.0014999999999999994
2022-06-24 07:30:00,1827.517,long,1824.7757245000003,1833.9133095000002,False,2022-06-24 11:00:00,1824.7757245000003,Stop Loss,-2.7412754999998015,-0.0014999999999998914
2022-06-26 22:00:00,1834.108,long,1831.3568380000002,1840.527378,False,2022-06-26 23:15:00,1831.3568380000002,Stop Loss,-2.7511619999997947,-0.0014999999999998881
2022-06-28 06:00:00,1827.858,long,1825.116213,1834.255503,False,2022-06-28 09:45:00,1825.116213,Stop Loss,-2.741786999999931,-0.0014999999999999623
2022-07-06 14:00:00,1753.938,short,1756.5689070000003,1747.7992170000002,False,2022-07-06 14:15:00,1756.5689070000003,Stop Loss,-2.6309070000002066,-0.0015000000000001178
2022-07-12 01:00:00,1724.508,short,1727.0947620000002,1718.472222,False,2022-07-12 01:15:00,1727.0947620000002,Stop Loss,-2.5867620000001352,-0.0015000000000000783
2022-07-12 06:30:00,1735.038,long,1732.435443,1741.110633,False,2022-07-12 08:00:00,1732.435443,Stop Loss,-2.6025569999999334,-0.0014999999999999617
2022-07-13 12:30:00,1709.098,short,1711.6616470000001,1703.1161570000002,False,2022-07-13 12:45:00,1711.6616470000001,Stop Loss,-2.5636470000001736,-0.0015000000000001017
2022-07-18 10:30:00,1715.818,short,1718.3917270000002,1709.812637,False,2022-07-18 13:30:00,1718.3917270000002,Stop Loss,-2.57372700000019,-0.0015000000000001106
2022-07-19 07:45:00,1711.558,long,1708.990663,1717.548453,True,2022-07-19 12:15:00,1708.990663,Stop Loss,-2.5673369999999522,-0.001499999999999972
2022-07-28 09:45:00,1741.245,short,1743.8568675,1735.1506425,False,2022-07-28 12:30:00,1743.8568675,Stop Loss,-2.6118675000000167,-0.0015000000000000096
2022-08-05 12:30:00,1773.638,short,1776.298457,1767.430267,True,2022-08-05 14:00:00,1776.298457,Stop Loss,-2.6604570000001786,-0.0015000000000001009
2022-08-10 12:30:00,1806.164,long,1803.454754,1812.485574,False,2022-08-10 12:45:00,1803.454754,Stop Loss,-2.7092459999998937,-0.001499999999999941
2022-08-17 02:00:00,1776.178,long,1773.5137330000002,1782.3946230000001,False,2022-08-17 07:45:00,1773.5137330000002,Stop Loss,-2.6642669999998816,-0.0014999999999999332
2022-08-23 00:15:00,1737.398,long,1734.791903,1743.478893,False,2022-08-23 06:15:00,1734.791903,Stop Loss,-2.6060969999998633,-0.0014999999999999213
2022-08-30 01:15:00,1737.434,short,1740.0401510000002,1731.352981,True,2022-08-30 08:00:00,1736.224,Trailing Take Profit (EMA Cross),1.2100000000000364,0.0006964293319919124
2022-09-06 12:45:00,1707.639,short,1710.2004585,1701.6622634999999,False,2022-09-06 13:30:00,1710.2004585,Stop Loss,-2.5614585000000716,-0.001500000000000042
2022-09-08 12:30:00,1716.144,short,1718.7182160000002,1710.137496,True,2022-09-08 17:30:00,1711.088,Trailing Take Profit (EMA Cross),5.05600000000004,0.0029461397178791758
2022-09-09 07:00:00,1726.423,long,1723.8333655000001,1732.4654805,False,2022-09-09 11:45:00,1723.8333655000001,Stop Loss,-2.5896344999998746,-0.0014999999999999274
2022-09-13 01:00:00,1722.612,short,1725.1959180000001,1716.5828580000002,False,2022-09-13 07:30:00,1725.1959180000001,Stop Loss,-2.5839180000000397,-0.001500000000000023
2022-09-13 12:30:00,1709.998,short,1712.5629970000002,1704.0130070000002,True,2022-09-14 02:00:00,1702.174,Trailing Take Profit (EMA Cross),7.824000000000069,0.004575443947887698
2022-09-15 13:45:00,1689.978,long,1687.4430330000002,1695.892923,False,2022-09-15 14:00:00,1687.4430330000002,Stop Loss,-2.534966999999824,-0.001499999999999896
2022-09-16 14:00:00,1674.445,long,1671.9333325,1680.3055575,False,2022-09-16 14:15:00,1671.9333325,Stop Loss,-2.5116674999999304,-0.0014999999999999586
2022-09-20 00:00:00,1678.688,long,1676.1699680000002,1684.5634080000002,False,2022-09-20 00:30:00,1676.1699680000002,Stop Loss,-2.5180319999999483,-0.001499999999999969
2022-09-21 18:00:00,1659.225,short,1661.7138375,1653.4177125,False,2022-09-21 18:15:00,1661.7138375,Stop Loss,-2.488837500000045,-0.0015000000000000274
2022-09-23 02:00:00,1670.878,short,1673.384317,1665.029927,False,2022-09-23 06:00:00,1673.384317,Stop Loss,-2.506317000000081,-0.0015000000000000486
2022-09-28 10:00:00,1624.605,long,1622.1680925,1630.2911175000002,True,2022-09-28 23:30:00,1656.815,Trailing Take Profit (EMA Cross),32.210000000000036,0.019826357791586285
2022-10-13 06:15:00,1667.818,short,1670.319727,1661.9806370000001,False,2022-10-13 07:30:00,1670.319727,Stop Loss,-2.5017270000000735,-0.001500000000000044
2022-10-21 03:30:00,1621.393,short,1623.8250895,1615.7181245000002,False,2022-10-21 07:15:00,1623.8250895,Stop Loss,-2.4320895000000746,-0.001500000000000046
2022-10-21 12:45:00,1631.108,long,1628.6613380000001,1636.816878,True,2022-10-24 01:00:00,1655.838,Trailing Take Profit (EMA Cross),24.730000000000018,0.015161473060030371
2022-10-27 13:45:00,1658.118,short,1660.6051770000001,1652.314587,False,2022-10-27 14:00:00,1660.6051770000001,Stop Loss,-2.4871770000002016,-0.0015000000000001217
2022-11-04 01:45:00,1633.657,long,1631.2065145,1639.3747995,True,2022-11-06 23:30:00,1673.878,Trailing Take Profit (EMA Cross),40.221000000000004,0.024620223216991085
2022-11-08 09:30:00,1670.948,long,1668.4415780000002,1676.7963180000002,True,2022-11-09 00:45:00,1709.008,Trailing Take Profit (EMA Cross),38.059999999999945,0.022777489185779536
2022-11-11 14:30:00,1756.768,short,1759.403152,1750.619312,False,2022-11-11 14:45:00,1759.403152,Stop Loss,-2.635152000000062,-0.0015000000000000352
2022-11-14 04:15:00,1759.808,short,1762.4477120000001,1753.648672,False,2022-11-14 06:00:00,1762.4477120000001,Stop Loss,-2.639712000000145,-0.0015000000000000824
2022-11-15 07:15:00,1776.678,long,1774.0129830000003,1782.8963730000003,True,2022-11-15 08:30:00,1774.0129830000003,Stop Loss,-2.665016999999807,-0.0014999999999998912
2022-11-24 01:00:00,1754.727,long,1752.0949095,1760.8685445,True,2022-11-25 05:45:00,1756.498,Trailing Take Profit (EMA Cross),1.7709999999999582,0.001009273807264582
2022-12-14 07:15:00,1808.628,short,1811.340942,1802.297802,False,2022-12-14 14:30:00,1811.340942,Stop Loss,-2.712942000000112,-0.0015000000000000618
2022-12-15 08:00:00,1782.335,short,1785.0085025,1776.0968275,True,2022-12-15 14:00:00,1780.997,Trailing Take Profit (EMA Cross),1.3379999999999654,0.0007507006258643664
2022-12-22 13:45:00,1807.665,short,1810.3764975000001,1801.3381725000002,True,2022-12-22 23:15:00,1793.498,Trailing Take Profit (EMA Cross),14.166999999999916,0.007837182221263296
2022-12-23 15:30:00,1800.435,long,1797.7343475,1806.7365225,False,2022-12-23 17:45:00,1797.7343475,Stop Loss,-2.700652499999933,-0.0014999999999999627
2022-12-28 07:00:00,1807.875,short,1810.5868125000002,1801.5474375000001,False,2022-12-28 08:00:00,1810.5868125000002,Stop Loss,-2.7118125000001783,-0.0015000000000000987
2022-12-29 05:00:00,1808.995,long,1806.2815075,1815.3264824999999,False,2022-12-29 07:15:00,1806.2815075,Stop Loss,-2.713492499999802,-0.0014999999999998907
2022-12-30 15:00:00,1815.265,short,1817.9878975000001,1808.9115725000001,False,2022-12-30 15:15:00,1817.9878975000001,Stop Loss,-2.7228975000000446,-0.0015000000000000245
2023-01-03 02:30:00,1838.088,long,1835.330868,1844.521308,True,2023-01-03 08:30:00,1836.465,Trailing Take Profit (EMA Cross),-1.6230000000000473,-0.0008829827516419493
2023-01-04 07:00:00,1851.025,long,1848.2484625000002,1857.5035875,True,2023-01-04 12:15:00,1855.045,Trailing Take Profit (EMA Cross),4.019999999999982,0.002171769695168883
2023-01-06 13:30:00,1847.648,long,1844.876528,1854.114768,False,2023-01-06 14:15:00,1844.876528,Stop Loss,-2.7714719999999033,-0.0014999999999999478
2023-01-18 02:30:00,1904.465,short,1907.3216975,1897.7993725000001,True,2023-01-18 06:15:00,1902.675,Trailing Take Profit (EMA Cross),1.7899999999999636,0.000939896506367911
2023-01-24 01:45:00,1935.705,long,1932.8014425000001,1942.4799675,False,2023-01-24 04:00:00,1932.8014425000001,Stop Loss,-2.903557499999806,-0.0014999999999998999
2023-01-25 02:00:00,1939.165,long,1936.2562525,1945.9520775,False,2023-01-25 02:45:00,1936.2562525,Stop Loss,-2.9087474999998904,-0.0014999999999999434
2023-01-30 04:00:00,1930.265,long,1927.3696025000002,1937.0209275000002,False,2023-01-30 07:15:00,1927.3696025000002,Stop Loss,-2.8953974999999446,-0.0014999999999999712
2023-02-01 07:30:00,1924.175,short,1927.0612625,1917.4403875,False,2023-02-01 10:45:00,1927.0612625,Stop Loss,-2.886262500000157,-0.0015000000000000818
2023-02-01 19:30:00,1938.698,long,1935.7899530000002,1945.4834430000003,False,2023-02-01 19:45:00,1935.7899530000002,Stop Loss,-2.908046999999897,-0.0014999999999999467
2023-02-02 09:00:00,1954.268,short,1957.1994020000002,1947.4280620000002,False,2023-02-02 09:45:00,1957.1994020000002,Stop Loss,-2.931402000000162,-0.0015000000000000829
2023-02-03 13:30:00,1887.967,short,1890.7989505000003,1881.3591155000001,True,2023-02-06 00:45:00,1869.695,Trailing Take Profit (EMA Cross),18.272000000000162,0.009678135264016882
2023-02-08 07:30:00,1881.205,long,1878.3831925,1887.7892175,False,2023-02-08 12:45:00,1878.3831925,Stop Loss,-2.821807499999977,-0.0014999999999999879
2023-02-09 08:00:00,1882.695,long,1879.8709575,1889.2844325,False,2023-02-09 09:15:00,1879.8709575,Stop Loss,-2.824042499999905,-0.0014999999999999495
2023-02-10 05:45:00,1859.985,long,1857.1950225,1866.4949475,True,2023-02-10 09:15:00,1862.415,Trailing Take Profit (EMA Cross),2.4300000000000637,0.0013064621488883318
2023-02-14 14:15:00,1849.195,short,1851.9687925,1842.7228175,False,2023-02-14 14:45:00,1851.9687925,Stop Loss,-2.773792500000127,-0.0015000000000000688
2023-02-16 01:15:00,1838.258,long,1835.5006130000002,1844.6919030000001,False,2023-02-16 05:45:00,1835.5006130000002,Stop Loss,-2.7573869999998806,-0.001499999999999935
2023-02-20 15:15:00,1842.825,short,1845.5892375,1836.3751125000001,True,2023-02-21 13:15:00,1835.035,Trailing Take Profit (EMA Cross),7.789999999999964,0.004227205513274436
2023-02-22 08:30:00,1833.275,short,1836.0249125000003,1826.8585375000002,False,2023-02-22 09:45:00,1836.0249125000003,Stop Loss,-2.749912500000164,-0.0015000000000000894
2023-02-23 13:30:00,1819.925,short,1822.6548875,1813.5552625,False,2023-02-23 13:45:00,1822.6548875,Stop Loss,-2.7298875000001317,-0.0015000000000000725
2023-03-02 11:15:00,1834.905,long,1832.1526425000002,1841.3271675,False,2023-03-02 12:30:00,1832.1526425000002,Stop Loss,-2.752357499999789,-0.001499999999999885
2023-03-06 08:30:00,1853.075,short,1855.8546125000003,1846.5892375,True,2023-03-07 01:30:00,1846.775,Trailing Take Profit (EMA Cross),6.2999999999999545,0.003399754462177707
2023-03-08 11:00:00,1815.705,long,1812.9814425,1822.0599675,False,2023-03-08 13:15:00,1812.9814425,Stop Loss,-2.72355749999997,-0.0014999999999999836
2023-03-08 14:45:00,1820.274,long,1817.5435889999999,1826.644959,False,2023-03-08 15:00:00,1817.5435889999999,Stop Loss,-2.7304110000000037,-0.0015000000000000022
2023-03-09 01:30:00,1813.135,short,1815.8547025,1806.7890275,False,2023-03-09 05:00:00,1815.8547025,Stop Loss,-2.7197025000000394,-0.0015000000000000217
2023-03-22 08:00:00,1943.395,long,1940.4799075,1950.1968825000001,False,2023-03-22 08:30:00,1940.4799075,Stop Loss,-2.9150924999999006,-0.0014999999999999489
2023-03-31 07:15:00,1977.665,short,1980.6314975,1970.7431725000001,False,2023-03-31 10:30:00,1980.6314975,Stop Loss,-2.9664975000000595,-0.0015000000000000302
2023-04-02 22:00:00,1963.025,short,1965.9695375000001,1956.1544125000003,True,2023-04-03 06:30:00,1956.264,Trailing Take Profit (EMA Cross),6.761000000000195,0.003444174169967369
2023-04-05 08:45:00,2023.955,short,2026.9909325,2016.8711575,False,2023-04-05 12:15:00,2026.9909325,Stop Loss,-3.035932500000172,-0.001500000000000085
2023-04-05 13:45:00,2022.608,short,2025.641912,2015.528872,False,2023-04-05 14:00:00,2025.641912,Stop Loss,-3.0339120000001003,-0.0015000000000000497
2023-04-13 12:30:00,2037.225,long,2034.1691625,2044.3552875,True,2023-04-13 14:45:00,2034.1691625,Stop Loss,-3.055837499999825,-0.0014999999999999142
2023-04-19 05:30:00,2001.705,short,2004.7075575000001,1994.6990325,True,2023-04-19 12:45:00,1980.195,Trailing Take Profit (EMA Cross),21.50999999999999,0.010745839172105776
2023-04-24 22:00:00,1992.375,long,1989.3864375,1999.3483125,True,2023-04-25 03:45:00,1992.775,Trailing Take Profit (EMA Cross),0.40000000000009095,0.00020076541815676816
2023-04-25 07:30:00,1989.115,short,1992.0986725,1982.1530975,True,2023-04-25 12:30:00,1987.818,Trailing Take Profit (EMA Cross),1.2970000000000255,0.0006520487754604563
2023-04-26 11:30:00,1993.285,short,1996.2749275,1986.3085025000003,False,2023-04-26 11:45:00,1996.2749275,Stop Loss,-2.9899275000000216,-0.0015000000000000109
2023-04-26 13:15:00,2008.065,long,2005.0529025,2015.0932275000002,False,2023-04-26 13:30:00,2005.0529025,Stop Loss,-3.0120974999999817,-0.001499999999999991
2023-04-28 01:30:00,1990.655,long,1987.6690175,1997.6222925000002,False,2023-04-28 03:15:00,1987.6690175,Stop Loss,-2.9859824999998636,-0.0014999999999999315
2023-05-02 05:15:00,1983.575,long,1980.5996375000002,1990.5175125,False,2023-05-02 07:45:00,1980.5996375000002,Stop Loss,-2.9753624999998465,-0.0014999999999999226
2023-05-02 14:00:00,1999.148,long,1996.149278,2006.145018,True,2023-05-03 04:45:00,2015.928,Trailing Take Profit (EMA Cross),16.7800000000002,0.008393575663232638
2023-05-08 13:00:00,2022.485,short,2025.5187275,2015.4063025,False,2023-05-08 14:45:00,2025.5187275,Stop Loss,-3.033727500000168,-0.0015000000000000833
2023-05-16 12:30:00,2014.254,long,2011.232619,2021.303889,False,2023-05-16 12:45:00,2011.232619,Stop Loss,-3.021380999999792,-0.0014999999999998968
2023-05-19 02:30:00,1959.935,long,1956.9950975000002,1966.7947725000001,True,2023-05-19 10:15:00,1963.915,Trailing Take Profit (EMA Cross),3.980000000000018,0.0020306795888639256
2023-06-07 13:45:00,1969.455,long,1966.5008175,1976.3480925000001,False,2023-06-07 14:00:00,1966.5008175,Stop Loss,-2.954182499999888,-0.0014999999999999432
2023-06-08 12:15:00,1948.558,long,1945.6351630000001,1955.3779530000002,True,2023-06-09 00:00:00,1964.465,Trailing Take Profit (EMA Cross),15.906999999999925,0.008163472680823422
2023-06-13 10:45:00,1965.778,long,1962.8293330000001,1972.6582230000001,False,2023-06-13 12:00:00,1962.8293330000001,Stop Loss,-2.9486669999998867,-0.0014999999999999424
2023-06-14 12:30:00,1958.014,long,1955.076979,1964.867049,False,2023-06-14 12:45:00,1955.076979,Stop Loss,-2.937020999999959,-0.001499999999999979
2023-06-21 14:30:00,1932.485,long,1929.5862725,1939.2486975,False,2023-06-21 15:00:00,1929.5862725,Stop Loss,-2.89872749999995,-0.0014999999999999742
2023-06-29 02:00:00,1906.205,short,1909.0643075,1899.5332825,False,2023-06-29 10:45:00,1909.0643075,Stop Loss,-2.8593075000001136,-0.0015000000000000597
2023-06-30 05:45:00,1907.065,short,1909.9255975,1900.3902725000003,False,2023-06-30 12:30:00,1909.9255975,Stop Loss,-2.86059750000004,-0.0015000000000000208
2023-07-06 12:15:00,1910.295,short,1913.1604425000003,1903.6089675,True,2023-07-06 13:30:00,1913.1604425000003,Stop Loss,-2.8654425000001993,-0.0015000000000001043
2023-07-07 03:00:00,1912.065,long,1909.1969025,1918.7572275000002,True,2023-07-07 19:00:00,1924.995,Trailing Take Profit (EMA Cross),12.929999999999836,0.00676232241058742
2023-07-10 12:15:00,1918.455,short,1921.3326825000001,1911.7404075,False,2023-07-10 13:15:00,1921.3326825000001,Stop Loss,-2.877682500000219,-0.0015000000000001143
2023-07-11 00:15:00,1926.755,long,1923.8648675000002,1933.4986425000002,True,2023-07-11 12:15:00,1932.135,Trailing Take Profit (EMA Cross),5.379999999999882,0.0027922595244335067
2023-07-13 04:45:00,1957.185,short,1960.1207775,1950.3348525000001,False,2023-07-13 06:15:00,1960.1207775,Stop Loss,-2.9357775000000856,-0.0015000000000000438
2023-07-14 01:30:00,1961.815,long,1958.8722775,1968.6813525000002,False,2023-07-14 05:30:00,1958.8722775,Stop Loss,-2.9427224999999453,-0.001499999999999972
2023-07-17 08:15:00,1956.085,long,1953.1508725,1962.9312975000003,False,2023-07-17 12:15:00,1953.1508725,Stop Loss,-2.9341274999999314,-0.001499999999999965
2023-07-18 12:30:00,1961.235,short,1964.1768525,1954.3706775,False,2023-07-18 12:45:00,1964.1768525,Stop Loss,-2.9418525000000955,-0.0015000000000000488
2023-07-19 06:30:00,1972.985,short,1975.9444775,1966.0795525,False,2023-07-19 06:45:00,1975.9444775,Stop Loss,-2.959477500000048,-0.0015000000000000245
2023-07-20 00:00:00,1978.828,long,1975.859758,1985.7538980000002,True,2023-07-20 05:30:00,1981.735,Trailing Take Profit (EMA Cross),2.9069999999999254,0.0014690513778862668
2023-07-21 07:30:00,1966.615,short,1969.5649225000002,1959.7318475000002,True,2023-07-21 16:45:00,1963.465,Trailing Take Profit (EMA Cross),3.150000000000091,0.0016017369947855025
2023-07-27 12:15:00,1973.884,short,1976.8448260000002,1966.975406,True,2023-07-27 23:45:00,1947.385,Trailing Take Profit (EMA Cross),26.499000000000024,0.01342480105213884
2023-08-02 12:15:00,1948.305,short,1951.2274575000001,1941.4859325000002,True,2023-08-03 00:00:00,1936.695,Trailing Take Profit (EMA Cross),11.610000000000127,0.005959025922532728
2023-08-04 10:15:00,1931.865,short,1934.7627975,1925.1034725000002,False,2023-08-04 12:30:00,1934.7627975,Stop Loss,-2.8977975000000242,-0.0015000000000000126
2023-08-08 08:45:00,1935.035,long,1932.1324475000001,1941.8076225000002,False,2023-08-08 10:15:00,1932.1324475000001,Stop Loss,-2.902552499999956,-0.0014999999999999773
2023-08-10 07:00:00,1920.385,long,1917.5044225000001,1927.1063475,True,2023-08-10 13:15:00,1920.305,Trailing Take Profit (EMA Cross),-0.07999999999992724,-4.16583133069292e-05
2023-08-11 12:30:00,1915.165,short,1918.0377475,1908.4619225000001,False,2023-08-11 14:00:00,1918.0377475,Stop Loss,-2.8727475000000595,-0.001500000000000031
2023-08-14 00:15:00,1911.265,short,1914.1318975000002,1904.5755725000001,False,2023-08-14 05:30:00,1914.1318975000002,Stop Loss,-2.86689750000005,-0.001500000000000026
2023-08-14 07:30:00,1915.055,long,1912.1824175000002,1921.7576925,False,2023-08-14 09:30:00,1912.1824175000002,Stop Loss,-2.8725824999999077,-0.0014999999999999517
2023-08-18 12:15:00,1889.835,short,1892.6697525000002,1883.2205775000002,False,2023-08-18 13:00:00,1892.6697525000002,Stop Loss,-2.8347525000001497,-0.0015000000000000792
2023-09-01 00:30:00,1938.875,short,1941.7833125000002,1932.0889375000002,False,2023-09-01 01:00:00,1941.7833125000002,Stop Loss,-2.908312500000193,-0.0015000000000000993
2023-09-14 12:30:00,1902.845,short,1905.6992675000001,1896.1850425000002,False,2023-09-14 12:45:00,1905.6992675000001,Stop Loss,-2.8542675000001054,-0.0015000000000000553
2023-09-15 06:15:00,1918.995,long,1916.1165075,1925.7114825,False,2023-09-15 07:00:00,1916.1165075,Stop Loss,-2.878492499999993,-0.0014999999999999963
2023-09-25 06:45:00,1924.015,long,1921.1289775000002,1930.7490525000003,False,2023-09-25 08:15:00,1921.1289775000002,Stop Loss,-2.8860224999998536,-0.001499999999999924
2023-09-26 02:00:00,1914.005,short,1916.8760075000002,1907.3059825000003,True,2023-09-27 00:00:00,1902.325,Trailing Take Profit (EMA Cross),11.680000000000064,0.006102387402331793
2023-10-02 05:45:00,1839.575,short,1842.3343625000002,1833.1364875000002,False,2023-10-02 06:00:00,1842.3343625000002,Stop Loss,-2.7593625000001794,-0.0015000000000000974
2023-10-02 06:15:00,1843.495,long,1840.7297575,1849.9472325,False,2023-10-02 07:30:00,1840.7297575,Stop Loss,-2.7652424999998857,-0.001499999999999938
2023-10-02 23:00:00,1822.805,short,1825.5392075000002,1816.4251825000001,False,2023-10-02 23:45:00,1825.5392075000002,Stop Loss,-2.7342075000001387,-0.001500000000000076
2023-10-04 06:00:00,1819.415,short,1822.1441225,1813.0470475,False,2023-10-04 07:30:00,1822.1441225,Stop Loss,-2.7291225000001305,-0.0015000000000000718
2023-10-05 12:30:00,1815.035,short,1817.7575525000002,1808.6823775000003,False,2023-10-05 13:15:00,1817.7575525000002,Stop Loss,-2.72255250000012,-0.001500000000000066
2023-10-08 22:00:00,1851.145,long,1848.3682825,1857.6240075,False,2023-10-08 22:15:00,1848.3682825,Stop Loss,-2.7767174999999042,-0.0014999999999999482
2023-10-11 06:30:00,1862.958,long,1860.1635630000003,1869.4783530000002,True,2023-10-11 13:30:00,1868.475,Trailing Take Profit (EMA Cross),5.516999999999825,0.0029614194200834505
2023-10-12 12:30:00,1878.598,short,1881.415897,1872.022907,True,2023-10-12 22:30:00,1871.055,Trailing Take Profit (EMA Cross),7.542999999999893,0.00401522837775825
2023-10-18 14:45:00,1946.925,short,1949.8453875,1940.1107625,True,2023-10-18 16:15:00,1948.645,Trailing Take Profit (EMA Cross),-1.7200000000000273,-0.0008834444059221733
2023-10-26 03:30:00,1987.115,long,1984.1343275000002,1994.0699025000001,False,2023-10-26 06:00:00,1984.1343275000002,Stop Loss,-2.980672499999855,-0.001499999999999927
2023-11-01 14:00:00,1989.315,long,1986.3310275000001,1996.2776025000003,False,2023-11-01 15:00:00,1986.3310275000001,Stop Loss,-2.983972499999936,-0.001499999999999968
2023-11-02 08:30:00,1988.115,long,1985.1328275,1995.0734025000002,False,2023-11-02 13:15:00,1985.1328275,Stop Loss,-2.9821724999999333,-0.0014999999999999664
2023-11-03 12:30:00,2003.268,long,2000.2630980000001,2010.2794380000003,False,2023-11-03 12:45:00,2000.2630980000001,Stop Loss,-3.004901999999902,-0.001499999999999951
2023-11-06 02:45:00,1987.015,short,1989.9955225,1980.0604475000002,True,2023-11-07 13:45:00,1966.425,Trailing Take Profit (EMA Cross),20.590000000000146,0.010362277083967733
2023-11-14 13:30:00,1956.435,long,1953.5003475,1963.2825225000001,False,2023-11-14 13:45:00,1953.5003475,Stop Loss,-2.9346524999998564,-0.0014999999999999267
2023-11-20 23:00:00,1979.735,long,1976.7653975,1986.6640725,True,2023-11-21 08:30:00,1990.065,Trailing Take Profit (EMA Cross),10.330000000000155,0.005217870068468838
2023-11-23 16:00:00,1990.315,short,1993.3004725,1983.3488975000002,False,2023-11-23 23:00:00,1993.3004725,Stop Loss,-2.9854725000000144,-0.0015000000000000072
2023-11-24 13:15:00,1997.795,long,1994.7983075000002,2004.7872825000002,True,2023-11-27 11:30:00,2011.815,Trailing Take Profit (EMA Cross),14.019999999999982,0.007017737055103242
2023-11-28 13:00:00,2012.445,short,2015.4636675000002,2005.4014425,False,2023-11-28 13:15:00,2015.4636675000002,Stop Loss,-3.0186675000002197,-0.001500000000000109
2023-11-30 04:30:00,2043.198,short,2046.2627970000003,2036.0468070000002,False,2023-11-30 07:00:00,2046.2627970000003,Stop Loss,-3.064797000000226,-0.0015000000000001106
2023-12-01 08:45:00,2045.225,long,2042.1571625,2052.3832875,False,2023-12-01 11:00:00,2042.1571625,Stop Loss,-3.067837499999996,-0.001499999999999998
2023-12-03 23:15:00,2129.775,long,2126.5803375,2137.2292125000004,False,2023-12-03 23:30:00,2126.5803375,Stop Loss,-3.1946625000000495,-0.0015000000000000232
2023-12-05 14:45:00,2016.635,short,2019.6599525000001,2009.5767775000002,False,2023-12-05 15:00:00,2019.6599525000001,Stop Loss,-3.024952500000154,-0.0015000000000000764
2023-12-13 13:45:00,1984.385,long,1981.4084225000001,1991.3303475,False,2023-12-13 14:15:00,1981.4084225000001,Stop Loss,-2.9765774999998484,-0.0014999999999999237
2023-12-13 19:00:00,2003.275,long,2000.2700875000003,2010.2864625000002,True,2023-12-14 07:30:00,2030.755,Trailing Take Profit (EMA Cross),27.480000000000018,0.013717537532290882
2023-12-27 10:15:00,2063.695,short,2066.7905425000004,2056.4720675000003,False,2023-12-27 11:15:00,2066.7905425000004,Stop Loss,-3.0955425000001924,-0.001500000000000093
2024-01-10 07:30:00,2030.878,long,2027.831683,2037.986073,True,2024-01-10 12:30:00,2032.575,Trailing Take Profit (EMA Cross),1.6970000000001164,0.0008355991841952675
2024-01-12 15:30:00,2052.105,short,2055.1831575,2044.9226325000002,False,2024-01-12 16:15:00,2055.1831575,Stop Loss,-3.0781575000000885,-0.0015000000000000432
2024-01-16 13:30:00,2043.035,long,2039.9704475,2050.1856225,False,2024-01-16 13:45:00,2039.9704475,Stop Loss,-3.0645524999999907,-0.0014999999999999955
2024-01-25 07:15:00,2016.415,long,2013.3903775,2023.4724525000001,False,2024-01-25 08:15:00,2013.3903775,Stop Loss,-3.0246224999998503,-0.0014999999999999259
2024-01-25 09:30:00,2016.605,long,2013.5800925,2023.6631175000002,False,2024-01-25 12:30:00,2013.5800925,Stop Loss,-3.0249074999999266,-0.0014999999999999636
2024-01-29 14:30:00,2024.345,short,2027.3815175000002,2017.2597925000002,False,2024-01-29 16:30:00,2027.3815175000002,Stop Loss,-3.0365175000001727,-0.0015000000000000852
2024-01-30 06:00:00,2035.225,long,2032.1721625,2042.3482875,False,2024-01-30 11:15:00,2032.1721625,Stop Loss,-3.052837499999896,-0.0014999999999999489
2024-02-02 13:15:00,2052.315,short,2055.3934725000004,2045.1318975000002,True,2024-02-02 21:45:00,2039.275,Trailing Take Profit (EMA Cross),13.039999999999964,0.006353800464353651
2024-02-08 08:15:00,2030.318,short,2033.363477,2023.2118870000002,False,2024-02-08 09:45:00,2033.363477,Stop Loss,-3.045477000000119,-0.0015000000000000586
2024-02-09 08:00:00,2031.165,short,2034.2117475,2024.0559225000002,False,2024-02-09 13:30:00,2034.2117475,Stop Loss,-3.0467475000000377,-0.0015000000000000187
2024-02-19 00:15:00,2017.125,long,2014.0993125,2024.1849375000002,False,2024-02-19 16:00:00,2014.0993125,Stop Loss,-3.0256875000000036,-0.0015000000000000018
2024-02-20 01:15:00,2018.365,long,2015.3374525000002,2025.4292775000001,True,2024-02-20 14:30:00,2025.885,Trailing Take Profit (EMA Cross),7.519999999999982,0.0037257879521295613
2024-02-22 04:30:00,2028.485,long,2025.4422725,2035.5846975,False,2024-02-22 13:15:00,2025.4422725,Stop Loss,-3.0427274999999554,-0.0014999999999999781
2024-02-26 14:00:00,2028.255,short,2031.2973825000001,2021.1561075000002,False,2024-02-26 20:00:00,2031.2973825000001,Stop Loss,-3.0423825000000306,-0.001500000000000015
2024-03-01 05:00:00,2044.365,short,2047.4315475,2037.2097225000002,False,2024-03-01 06:15:00,2047.4315475,Stop Loss,-3.0665475000000697,-0.001500000000000034
2024-03-07 14:15:00,2154.675,short,2157.9070125000003,2147.1336375,False,2024-03-07 16:15:00,2157.9070125000003,Stop Loss,-3.23201250000011,-0.0015000000000000508
2024-03-11 13:30:00,2183.605,long,2180.3295925,2191.2476175,False,2024-03-11 13:45:00,2180.3295925,Stop Loss,-3.275407499999801,-0.001499999999999909
2024-03-12 12:30:00,2179.575,long,2176.3056375,2187.2035124999998,False,2024-03-12 12:45:00,2176.3056375,Stop Loss,-3.2693624999997155,-0.0014999999999998695
2024-03-13 10:15:00,2160.695,long,2157.4539575000003,2168.2574325000005,True,2024-03-14 01:15:00,2174.145,Trailing Take Profit (EMA Cross),13.449999999999818,0.006224848949064915
2024-03-20 08:00:00,2154.905,short,2158.1373575000002,2147.3628325000004,False,2024-03-20 13:45:00,2158.1373575000002,Stop Loss,-3.2323575000000346,-0.0015000000000000159
2024-03-26 01:30:00,2169.278,short,2172.531917,2161.685527,False,2024-03-26 04:45:00,2172.531917,Stop Loss,-3.2539170000000013,-0.0015000000000000007
2024-03-27 03:00:00,2180.135,long,2176.8647975000003,2187.7654725,False,2024-03-27 05:00:00,2176.8647975000003,Stop Loss,-3.2702024999998685,-0.0014999999999999395
2024-04-01 14:00:00,2236.775,short,2240.1301625,2228.9462875000004,True,2024-04-01 15:45:00,2240.1301625,Stop Loss,-3.355162500000006,-0.0015000000000000026
2024-04-02 08:00:00,2261.905,long,2258.5121425,2269.8216675000003,False,2024-04-02 10:00:00,2258.5121425,Stop Loss,-3.392857499999991,-0.001499999999999996
2024-04-09 07:00:00,2355.048,long,2351.5154279999997,2363.290668,False,2024-04-09 07:15:00,2351.5154279999997,Stop Loss,-3.532572000000073,-0.001500000000000031
2024-04-12 15:30:00,2394.895,short,2398.4873425,2386.5128675,True,2024-04-14 22:00:00,2366.588,Trailing Take Profit (EMA Cross),28.30699999999979,0.011819724873115434
2024-04-19 00:00:00,2375.695,short,2379.2585425,2367.3800675,False,2024-04-19 00:45:00,2379.2585425,Stop Loss,-3.5635425000000396,-0.0015000000000000165
2024-04-23 01:30:00,2305.525,short,2308.9832875,2297.4556625,False,2024-04-23 01:45:00,2308.9832875,Stop Loss,-3.4582875000000968,-0.0015000000000000419
2024-04-25 03:00:00,2306.725,short,2310.1850875,2298.6514625,False,2024-04-25 03:15:00,2310.1850875,Stop Loss,-3.4600875000000997,-0.0015000000000000432
2024-04-30 02:00:00,2329.555,short,2333.0493324999998,2321.4015575,True,2024-05-01 05:45:00,2287.348,Trailing Take Profit (EMA Cross),42.20699999999988,0.018118052589442997
2024-05-03 13:30:00,2286.455,short,2289.8846825,2278.4524075,False,2024-05-03 13:45:00,2289.8846825,Stop Loss,-3.4296825000001263,-0.0015000000000000553
2024-05-06 01:15:00,2307.705,long,2304.2434425,2315.7819675,True,2024-05-06 11:30:00,2316.884,Trailing Take Profit (EMA Cross),9.179000000000087,0.003977544790170358
2024-05-08 02:45:00,2316.958,long,2313.482563,2325.0673530000004,False,2024-05-08 07:00:00,2313.482563,Stop Loss,-3.4754370000000563,-0.0015000000000000243
2024-05-13 01:15:00,2356.445,short,2359.9796675000002,2348.1974425000003,True,2024-05-13 12:00:00,2346.985,Trailing Take Profit (EMA Cross),9.460000000000036,0.0040145218751127375
2024-05-15 04:45:00,2356.905,short,2360.4403575,2348.6558325000005,False,2024-05-15 07:00:00,2360.4403575,Stop Loss,-3.535357499999918,-0.0014999999999999651
2024-05-16 00:15:00,2393.888,long,2390.297168,2402.266608,False,2024-05-16 01:45:00,2390.297168,Stop Loss,-3.590831999999864,-0.0014999999999999432
2024-05-20 05:30:00,2448.795,long,2445.1218075,2457.3657825,False,2024-05-20 06:15:00,2445.1218075,Stop Loss,-3.6731924999999137,-0.0014999999999999647
2024-05-20 06:30:00,2435.425,short,2439.0781375,2426.9010125000004,False,2024-05-20 07:00:00,2439.0781375,Stop Loss,-3.653137499999957,-0.0014999999999999823
2024-05-22 02:45:00,2417.604,short,2421.230406,2409.142386,True,2024-05-22 12:15:00,2414.558,Trailing Take Profit (EMA Cross),3.0459999999998217,0.001259925115941164
2024-05-23 05:45:00,2359.845,short,2363.3847674999997,2351.5855425,False,2024-05-23 06:00:00,2363.3847674999997,Stop Loss,-3.5397674999999253,-0.0014999999999999686
2024-05-30 05:30:00,2326.935,short,2330.4254025,2318.7907275000002,False,2024-05-30 06:45:00,2330.4254025,Stop Loss,-3.490402500000073,-0.0015000000000000315
2024-05-30 07:00:00,2336.695,long,2333.1899575,2344.8734325000005,False,2024-05-30 07:30:00,2333.1899575,Stop Loss,-3.505042499999945,-0.0014999999999999764
2024-05-31 02:45:00,2342.428,short,2345.9416420000002,2334.229502,False,2024-05-31 06:45:00,2345.9416420000002,Stop Loss,-3.5136420000003454,-0.0015000000000001475
2024-06-06 01:00:00,2363.575,long,2360.0296375,2371.8475125,True,2024-06-06 06:00:00,2365.848,Trailing Take Profit (EMA Cross),2.2730000000001382,0.0009616788128153913
2024-06-07 12:30:00,2319.495,short,2322.9742425,2311.3767675,False,2024-06-07 13:00:00,2322.9742425,Stop Loss,-3.479242500000055,-0.0015000000000000237
2024-06-13 12:45:00,2323.168,long,2319.6832480000003,2331.299088,False,2024-06-13 13:00:00,2319.6832480000003,Stop Loss,-3.484751999999844,-0.0014999999999999328
2024-06-20 01:00:00,2333.795,long,2330.2943075000003,2341.9632825000003,True,2024-06-20 07:45:00,2338.498,Trailing Take Profit (EMA Cross),4.7029999999999745,0.002015172712256207
2024-06-24 07:15:00,2327.395,long,2323.9039075,2335.5408825,False,2024-06-24 09:30:00,2323.9039075,Stop Loss,-3.4910924999999224,-0.0014999999999999666
2024-07-03 04:00:00,2332.548,long,2329.0491779999998,2340.711918,True,2024-07-03 18:30:00,2355.468,Trailing Take Profit (EMA Cross),22.920000000000073,0.009826164349029505
2024-07-10 14:30:00,2376.945,short,2380.5104175,2368.6256925000002,False,2024-07-10 15:30:00,2380.5104175,Stop Loss,-3.565417499999967,-0.001499999999999986
2024-07-11 12:30:00,2407.548,long,2403.936678,2415.974418,False,2024-07-11 13:00:00,2403.936678,Stop Loss,-3.6113219999997455,-0.0014999999999998944
2024-07-19 00:00:00,2430.975,short,2434.6214625000002,2422.4665875,False,2024-07-19 00:45:00,2434.6214625000002,Stop Loss,-3.6464625000003252,-0.0015000000000001338
2024-07-19 15:00:00,2407.008,long,2403.397488,2415.432528,False,2024-07-19 15:30:00,2403.397488,Stop Loss,-3.610511999999744,-0.0014999999999998938
2024-07-22 11:45:00,2397.958,short,2401.5549370000003,2389.5651470000003,True,2024-07-22 16:45:00,2392.928,Trailing Take Profit (EMA Cross),5.0300000000002,0.002097618056696656
2024-07-24 01:15:00,2405.715,short,2409.3235725000004,2397.2949975,False,2024-07-24 02:00:00,2409.3235725000004,Stop Loss,-3.608572500000264,-0.0015000000000001095
2024-07-25 01:30:00,2377.605,short,2381.1714075,2369.2833825000002,True,2024-07-25 10:30:00,2376.955,Trailing Take Profit (EMA Cross),0.650000000000091,0.0002733843510591923
2024-07-26 01:15:00,2365.075,long,2361.5273875,2373.3527625,True,2024-07-26 05:00:00,2368.675,Trailing Take Profit (EMA Cross),3.600000000000364,0.0015221504603449632
2024-07-31 18:00:00,2422.225,short,2425.8583375,2413.7472125,False,2024-07-31 18:30:00,2425.8583375,Stop Loss,-3.633337499999925,-0.001499999999999969
2024-08-01 01:15:00,2457.645,long,2453.9585325000003,2466.2467575,False,2024-08-01 01:30:00,2453.9585325000003,Stop Loss,-3.686467499999708,-0.0014999999999998812
2024-08-02 14:30:00,2436.475,short,2440.1297125,2427.9473375000002,True,2024-08-02 19:30:00,2436.775,Trailing Take Profit (EMA Cross),-0.3000000000001819,-0.00012312870027403601
2024-08-06 00:30:00,2415.375,long,2411.7519375,2423.8288125000004,False,2024-08-06 01:45:00,2411.7519375,Stop Loss,-3.6230624999998327,-0.0014999999999999306
2024-08-12 10:30:00,2444.425,long,2440.7583625,2452.9804875000004,False,2024-08-12 11:30:00,2440.7583625,Stop Loss,-3.666637499999979,-0.0014999999999999914
2024-08-12 13:30:00,2451.885,long,2448.2071725000005,2460.4665975000003,False,2024-08-12 14:00:00,2448.2071725000005,Stop Loss,-3.677827499999694,-0.001499999999999875
2024-08-14 02:00:00,2460.945,short,2464.6364175000003,2452.3316925000004,False,2024-08-14 06:15:00,2464.6364175000003,Stop Loss,-3.6914175000001705,-0.0015000000000000692
2024-08-15 06:00:00,2457.435,long,2453.7488475,2466.0360225,False,2024-08-15 06:30:00,2453.7488475,Stop Loss,-3.6861524999999347,-0.0014999999999999734
2024-08-15 10:00:00,2459.715,long,2456.0254275,2468.3240025000005,True,2024-08-15 12:30:00,2456.0254275,Stop Loss,-3.68957249999994,-0.0014999999999999755
2024-08-21 13:30:00,2498.595,short,2502.3428925,2489.8499174999997,False,2024-08-21 13:45:00,2502.3428925,Stop Loss,-3.7478925000000345,-0.001500000000000014
2024-08-23 14:00:00,2516.915,long,2513.1396275,2525.7242025,False,2024-08-23 14:15:00,2513.1396275,Stop Loss,-3.7753724999997758,-0.001499999999999911
2024-09-04 02:30:00,2495.668,long,2491.9244980000003,2504.4028380000004,False,2024-09-04 06:00:00,2491.9244980000003,Stop Loss,-3.7435019999998076,-0.0014999999999999228
2024-09-05 05:45:00,2501.795,long,2498.0423075000003,2510.5512825,True,2024-09-05 14:00:00,2513.615,Trailing Take Profit (EMA Cross),11.819999999999709,0.00472460773164856
2024-09-11 05:15:00,2521.128,long,2517.346308,2529.9519480000004,False,2024-09-11 12:15:00,2517.346308,Stop Loss,-3.781692000000021,-0.0015000000000000083
2024-09-17 02:00:00,2584.975,long,2581.0975375000003,2594.0224125,False,2024-09-17 02:45:00,2581.0975375000003,Stop Loss,-3.8774624999996377,-0.00149999999999986
2024-09-24 05:45:00,2625.288,short,2629.2259320000003,2616.0994920000003,False,2024-09-24 06:00:00,2629.2259320000003,Stop Loss,-3.9379320000002735,-0.0015000000000001041
2024-09-26 13:00:00,2663.895,short,2667.8908425,2654.5713675,False,2024-09-26 13:30:00,2667.8908425,Stop Loss,-3.9958424999999806,-0.0014999999999999927
2024-10-02 03:30:00,2656.275,short,2660.2594125,2646.9780375,True,2024-10-02 07:30:00,2654.098,Trailing Take Profit (EMA Cross),2.1770000000001346,0.0008195687569999847
2024-10-03 07:15:00,2648.775,short,2652.7481625,2639.5042875000004,False,2024-10-03 12:30:00,2652.7481625,Stop Loss,-3.973162499999944,-0.0014999999999999788
2024-10-07 05:15:00,2643.175,short,2647.1397625000004,2633.9238875000005,False,2024-10-07 07:30:00,2647.1397625000004,Stop Loss,-3.9647625000002336,-0.0015000000000000883
2024-10-08 01:45:00,2647.115,long,2643.1443275,2656.3799025,False,2024-10-08 02:00:00,2643.1443275,Stop Loss,-3.970672499999637,-0.001499999999999863
2024-10-09 05:00:00,2620.555,long,2616.6241675,2629.7269425,False,2024-10-09 06:00:00,2616.6241675,Stop Loss,-3.930832499999724,-0.0014999999999998946
2024-10-10 12:45:00,2624.898,long,2620.960653,2634.0851430000002,False,2024-10-10 13:00:00,2620.960653,Stop Loss,-3.9373470000000452,-0.0015000000000000172
2024-10-16 13:45:00,2674.905,short,2678.9173575000004,2665.5428325000003,False,2024-10-16 14:00:00,2678.9173575000004,Stop Loss,-4.012357500000235,-0.0015000000000000876
2024-10-21 01:00:00,2728.195,long,2724.1027075,2737.7436825000004,False,2024-10-21 06:00:00,2724.1027075,Stop Loss,-4.092292499999985,-0.0014999999999999944
2024-10-30 07:30:00,2781.815,short,2785.9877225,2772.0786475,False,2024-10-30 10:15:00,2785.9877225,Stop Loss,-4.1727224999999635,-0.0014999999999999868
2024-10-30 13:30:00,2775.178,short,2779.340767,2765.464877,False,2024-10-30 13:45:00,2779.340767,Stop Loss,-4.162767000000258,-0.001500000000000093
2024-10-31 06:45:00,2779.715,short,2783.8845725,2769.9859975000004,False,2024-10-31 07:30:00,2783.8845725,Stop Loss,-4.169572499999958,-0.0014999999999999849
2024-11-01 14:30:00,2739.718,short,2743.827577,2730.128987,False,2024-11-01 14:45:00,2743.827577,Stop Loss,-4.109577000000172,-0.001500000000000063
2024-11-06 00:15:00,2737.265,short,2741.3708975,2727.6845725,False,2024-11-06 01:15:00,2741.3708975,Stop Loss,-4.105897500000083,-0.0015000000000000304
2024-11-07 02:45:00,2657.238,long,2653.252143,2666.538333,False,2024-11-07 06:00:00,2653.252143,Stop Loss,-3.985856999999669,-0.0014999999999998756
2024-11-11 01:00:00,2677.555,short,2681.5713325,2668.1835575,True,2024-11-11 10:00:00,2671.685,Trailing Take Profit (EMA Cross),5.869999999999891,0.0021922985708976626
2024-11-13 14:45:00,2601.985,short,2605.8879775000005,2592.8780525,False,2024-11-13 15:45:00,2605.8879775000005,Stop Loss,-3.902977500000361,-0.0015000000000001386
2024-11-14 09:30:00,2543.525,short,2547.3402875,2534.6226625000004,False,2024-11-14 10:30:00,2547.3402875,Stop Loss,-3.8152875000000677,-0.0015000000000000265
2024-11-14 11:30:00,2552.025,long,2548.1969625,2560.9570875000004,True,2024-11-14 20:00:00,2566.195,Trailing Take Profit (EMA Cross),14.170000000000073,0.005552453443833846
2024-11-15 01:30:00,2564.564,short,2568.410846,2555.588026,False,2024-11-15 02:00:00,2568.410846,Stop Loss,-3.846846000000369,-0.0015000000000001438
2024-11-17 23:00:00,2573.224,long,2569.364164,2582.230284,True,2024-11-18 06:00:00,2585.065,Trailing Take Profit (EMA Cross),11.840999999999894,0.004601620379725936
2024-11-21 12:00:00,2663.985,short,2667.9809775000003,2654.6610525,False,2024-11-21 14:00:00,2667.9809775000003,Stop Loss,-3.9959775000002082,-0.001500000000000078
2024-11-28 01:00:00,2628.015,short,2631.9570225,2618.8169475,False,2024-11-28 03:30:00,2631.9570225,Stop Loss,-3.9420225000003484,-0.0015000000000001327
2024-12-06 01:00:00,2615.555,short,2619.4783325,2606.4005575,False,2024-12-06 01:15:00,2619.4783325,Stop Loss,-3.923332500000015,-0.0015000000000000059
2024-12-08 23:00:00,2642.548,long,2638.584178,2651.796918,False,2024-12-08 23:15:00,2638.584178,Stop Loss,-3.963821999999709,-0.00149999999999989
2024-12-11 00:30:00,2700.315,long,2696.2645275,2709.7661025,False,2024-12-11 03:30:00,2696.2645275,Stop Loss,-4.050472500000069,-0.0015000000000000256
2024-12-18 19:00:00,2616.414,short,2620.3386210000003,2607.2565510000004,False,2024-12-18 19:15:00,2620.3386210000003,Stop Loss,-3.9246210000001156,-0.001500000000000044
2024-12-20 01:00:00,2598.575,long,2594.6771375,2607.6700124999998,True,2024-12-20 20:45:00,2622.575,Trailing Take Profit (EMA Cross),24.0,0.009235831176702616
2024-12-26 12:00:00,2625.398,short,2629.3360970000003,2616.209107,False,2024-12-26 13:00:00,2629.3360970000003,Stop Loss,-3.938097000000198,-0.0015000000000000753
2024-12-27 08:00:00,2629.348,short,2633.292022,2620.145282,True,2024-12-27 18:30:00,2619.448,Trailing Take Profit (EMA Cross),9.900000000000091,0.0037651919791522807
2024-12-30 03:15:00,2627.025,long,2623.0844625000004,2636.2195875,False,2024-12-30 04:00:00,2623.0844625000004,Stop Loss,-3.940537499999664,-0.001499999999999872
2025-01-02 13:00:00,2638.375,short,2642.3325625,2629.1406875000002,False,2025-01-02 13:45:00,2642.3325625,Stop Loss,-3.957562500000222,-0.0015000000000000842
2025-01-07 05:15:00,2642.998,long,2639.033503,2652.248493,False,2025-01-07 07:30:00,2639.033503,Stop Loss,-3.9644969999999375,-0.0014999999999999764
2025-01-07 15:00:00,2648.475,short,2652.4477125,2639.2053375,False,2025-01-07 15:15:00,2652.4477125,Stop Loss,-3.9727124999999432,-0.0014999999999999786
2025-01-14 04:45:00,2673.405,long,2669.3948925000004,2682.7619175000004,False,2025-01-14 05:30:00,2669.3948925000004,Stop Loss,-4.010107499999776,-0.0014999999999999163
2025-01-14 13:30:00,2663.399,short,2667.3940985,2654.0771035000002,False,2025-01-14 13:45:00,2667.3940985,Stop Loss,-3.99509850000004,-0.0015000000000000152
2025-01-15 14:30:00,2681.019,short,2685.0405284999997,2671.6354335,False,2025-01-15 16:30:00,2685.0405284999997,Stop Loss,-4.021528499999931,-0.0014999999999999744
2025-01-21 00:45:00,2705.285,short,2709.3429275,2695.8165025,False,2025-01-21 01:00:00,2709.3429275,Stop Loss,-4.057927500000005,-0.001500000000000002
2025-01-22 06:15:00,2746.715,short,2750.8350725000005,2737.1014975000003,False,2025-01-22 07:15:00,2750.8350725000005,Stop Loss,-4.120072500000333,-0.0015000000000001212
2025-01-23 09:15:00,2743.655,short,2747.7704825000005,2734.0522075000003,False,2025-01-23 10:15:00,2747.7704825000005,Stop Loss,-4.115482500000326,-0.0015000000000001186
2025-01-24 14:15:00,2774.375,short,2778.5365625,2764.6646875,False,2025-01-24 14:30:00,2778.5365625,Stop Loss,-4.161562499999945,-0.0014999999999999803
2025-01-27 01:30:00,2763.085,short,2767.2296275000003,2753.4142025,True,2025-01-27 08:15:00,2756.125,Trailing Take Profit (EMA Cross),6.960000000000036,0.0025189235944605526
2025-01-28 12:45:00,2745.395,long,2741.2769075,2755.0038825,True,2025-01-29 03:30:00,2763.035,Trailing Take Profit (EMA Cross),17.639999999999873,0.006425304919692748
2025-01-29 15:15:00,2750.065,short,2754.1900975000003,2740.4397725000003,False,2025-01-29 15:45:00,2754.1900975000003,Stop Loss,-4.125097500000265,-0.0015000000000000965
2025-01-30 06:45:00,2765.248,long,2761.100128,2774.9263680000004,True,2025-01-30 21:15:00,2790.915,Trailing Take Profit (EMA Cross),25.666999999999916,0.009281988450945418
2025-02-02 23:15:00,2791.225,short,2795.4118375000003,2781.4557125,False,2025-02-03 00:30:00,2795.4118375000003,Stop Loss,-4.186837500000365,-0.001500000000000131
2025-02-12 03:00:00,2887.905,short,2892.2368575000005,2877.7973325000003,False,2025-02-12 06:15:00,2892.2368575000005,Stop Loss,-4.331857500000297,-0.0015000000000001026
2025-02-12 14:00:00,2893.625,long,2889.2845625,2903.7526875000003,False,2025-02-12 15:00:00,2889.2845625,Stop Loss,-4.340437500000007,-0.0015000000000000024
2025-02-18 01:15:00,2894.945,short,2899.2874175,2884.8126925,False,2025-02-18 02:30:00,2899.2874175,Stop Loss,-4.3424175000000105,-0.0015000000000000035
2025-02-21 08:15:00,2919.225,short,2923.6038375000003,2909.0077125000003,False,2025-02-21 08:45:00,2923.6038375000003,Stop Loss,-4.3788375000003725,-0.0015000000000001278
2025-03-04 07:15:00,2899.245,long,2894.8961325,2909.3923575,True,2025-03-04 14:30:00,2911.485,Trailing Take Profit (EMA Cross),12.240000000000236,0.0042217887760435
2025-03-11 06:45:00,2902.235,long,2897.8816475000003,2912.3928225000004,False,2025-03-11 07:15:00,2897.8816475000003,Stop Loss,-4.353352499999801,-0.0014999999999999313
2025-03-18 01:15:00,3004.035,long,2999.5289475,3014.5491225,True,2025-03-18 05:15:00,3007.148,Trailing Take Profit (EMA Cross),3.1130000000002838,0.0010362728796436407
2025-03-26 00:30:00,3017.865,short,3022.3917975,3007.3024725,False,2025-03-26 01:30:00,3022.3917975,Stop Loss,-4.526797500000157,-0.001500000000000052
2025-04-09 17:15:00,3059.855,short,3064.4447825,3049.1455075000003,False,2025-04-09 17:30:00,3064.4447825,Stop Loss,-4.589782500000183,-0.0015000000000000599
2025-04-15 01:00:00,3217.375,long,3212.5489375,3228.6358125,True,2025-04-15 05:30:00,3222.075,Trailing Take Profit (EMA Cross),4.699999999999818,0.0014608182136057557
2025-04-16 22:00:00,3354.065,long,3349.0339025000003,3365.8042275000003,False,2025-04-16 23:00:00,3349.0339025000003,Stop Loss,-5.03109749999976,-0.0014999999999999283
2025-04-22 00:00:00,3417.075,short,3422.2006125,3405.1152375,False,2025-04-22 00:15:00,3422.2006125,Stop Loss,-5.125612499999988,-0.0014999999999999968
2025-04-22 22:00:00,3334.775,short,3339.7771625000005,3323.1032875,True,2025-04-22 23:00:00,3339.7771625000005,Stop Loss,-5.002162500000395,-0.0015000000000001184
2025-04-28 18:15:00,3347.785,long,3342.7633225,3359.5022475,False,2025-04-28 20:45:00,3342.7633225,Stop Loss,-5.021677499999896,-0.001499999999999969
2025-04-30 08:00:00,3284.865,short,3289.7922975,3273.3679725,False,2025-04-30 08:15:00,3289.7922975,Stop Loss,-4.92729750000035,-0.0015000000000001065
2025-05-01 12:30:00,3226.245,long,3221.4056325,3237.5368575,False,2025-05-01 13:00:00,3221.4056325,Stop Loss,-4.839367499999753,-0.0014999999999999235
2025-05-07 18:00:00,3395.005,long,3389.9124925,3406.8875175000003,False,2025-05-07 18:15:00,3389.9124925,Stop Loss,-5.092507500000011,-0.001500000000000003
2025-05-09 11:15:00,3333.645,long,3328.6445325,3345.3127575000003,False,2025-05-09 11:30:00,3328.6445325,Stop Loss,-5.000467500000013,-0.001500000000000004
2025-05-09 13:15:00,3339.695,long,3334.6854575,3351.3839325000004,False,2025-05-09 13:30:00,3334.6854575,Stop Loss,-5.009542499999952,-0.0014999999999999857
2025-05-15 22:00:00,3244.825,long,3239.9577625,3256.1818875,False,2025-05-15 23:30:00,3239.9577625,Stop Loss,-4.867237499999646,-0.0014999999999998912
2025-05-20 13:45:00,3261.015,long,3256.1234775000003,3272.4285525,True,2025-05-21 01:15:00,3289.165,Trailing Take Profit (EMA Cross),28.15000000000009,0.008632281666904352
2025-05-30 12:00:00,3302.378,long,3297.424433,3313.9363230000004,False,2025-05-30 12:15:00,3297.424433,Stop Loss,-4.953567000000021,-0.0015000000000000063
2025-06-01 22:00:00,3307.035,long,3302.0744475,3318.6096225,False,2025-06-01 22:15:00,3302.0744475,Stop Loss,-4.9605524999997215,-0.001499999999999916
2025-06-22 22:00:00,3379.598,long,3374.528603,3391.426593,False,2025-06-22 22:30:00,3374.528603,Stop Loss,-5.0693969999997535,-0.0014999999999999272
2025-06-24 15:15:00,3312.055,long,3307.0869175,3323.6471925,True,2025-06-25 04:00:00,3326.815,Trailing Take Profit (EMA Cross),14.760000000000218,0.004456447734110761
2025-06-25 08:00:00,3328.025,short,3333.0170375000002,3316.3769125000003,True,2025-06-25 14:45:00,3323.255,Trailing Take Profit (EMA Cross),4.769999999999982,0.0014332825023850428
2025-06-27 14:15:00,3274.745,long,3269.8328825,3286.2066075000002,False,2025-06-27 14:30:00,3269.8328825,Stop Loss,-4.912117500000022,-0.0015000000000000068
2025-07-01 05:00:00,3328.195,long,3323.2027075000005,3339.8436825000003,True,2025-07-01 14:45:00,3345.685,Trailing Take Profit (EMA Cross),17.48999999999978,0.005255100737787234
2025-07-07 12:30:00,3307.748,long,3302.7863780000002,3319.325118,True,2025-07-08 00:15:00,3332.398,Trailing Take Profit (EMA Cross),24.65000000000009,0.0074522001071424095
2025-07-08 08:00:00,3327.695,short,3332.6865425000005,3316.0480675000003,True,2025-07-09 00:00:00,3304.815,Trailing Take Profit (EMA Cross),22.88000000000011,0.006875630128362157
2025-07-16 03:15:00,3332.465,long,3327.4663025000004,3344.1286275,False,2025-07-16 13:30:00,3327.4663025000004,Stop Loss,-4.998697499999707,-0.0014999999999999122
2025-07-16 15:00:00,3348.398,long,3343.3754030000005,3360.1173930000004,True,2025-07-16 15:45:00,3343.3754030000005,Stop Loss,-5.022596999999678,-0.0014999999999999038
2025-07-17 06:00:00,3332.885,short,3337.8843275000004,3321.2199025000004,True,2025-07-17 14:00:00,3324.365,Trailing Take Profit (EMA Cross),8.520000000000437,0.00255634382824503
2025-07-17 22:45:00,3343.048,long,3338.0334279999997,3354.748668,False,2025-07-18 00:30:00,3338.0334279999997,Stop Loss,-5.014572000000044,-0.0015000000000000133
2025-07-24 12:45:00,3353.198,short,3358.227797,3341.461807,False,2025-07-24 13:00:00,3358.227797,Stop Loss,-5.029797000000144,-0.001500000000000043
2025-07-29 08:00:00,3326.975,long,3321.9845375,3338.6194125,False,2025-07-29 09:00:00,3321.9845375,Stop Loss,-4.990462499999921,-0.0014999999999999764
2025-07-30 01:30:00,3322.748,short,3327.7321220000003,3311.118382,False,2025-07-30 02:00:00,3327.7321220000003,Stop Loss,-4.984122000000298,-0.0015000000000000896
2025-08-05 02:15:00,3375.735,short,3380.7986025000005,3363.9199275,True,2025-08-05 12:30:00,3363.645,Trailing Take Profit (EMA Cross),12.090000000000146,0.0035814422636848407
2025-08-11 17:30:00,3358.205,long,3353.1676925,3369.9587175,False,2025-08-11 18:15:00,3353.1676925,Stop Loss,-5.03730749999977,-0.0014999999999999315
2025-08-12 15:15:00,3354.589,long,3349.5571165,3366.3300615000003,False,2025-08-12 15:45:00,3349.5571165,Stop Loss,-5.031883499999822,-0.001499999999999947
2025-08-13 06:15:00,3354.905,long,3349.8726425000004,3366.6471675000003,True,2025-08-13 11:30:00,3358.795,Trailing Take Profit (EMA Cross),3.8899999999998727,0.0011594963195678781
2025-08-14 07:30:00,3352.148,short,3357.1762220000005,3340.4154820000003,False,2025-08-14 09:15:00,3357.1762220000005,Stop Loss,-5.028222000000369,-0.00150000000000011
2025-08-18 00:15:00,3340.055,long,3335.0449175,3351.7451925,True,2025-08-18 08:00:00,3345.305,Trailing Take Profit (EMA Cross),5.25,0.0015718304039903535
2025-08-21 10:30:00,3330.135,short,3335.1302025000005,3318.4795275000006,False,2025-08-21 12:00:00,3335.1302025000005,Stop Loss,-4.995202500000232,-0.0015000000000000696
2025-08-22 01:45:00,3333.825,short,3338.8257375,3322.1566125,True,2025-08-22 13:15:00,3328.595,Trailing Take Profit (EMA Cross),5.230000000000018,0.0015687686066305276
2025-08-22 13:30:00,3333.425,long,3328.4248625000005,3345.0919875000004,True,2025-08-24 22:30:00,3366.065,Trailing Take Profit (EMA Cross),32.63999999999987,0.009791730727404958
2025-08-26 00:15:00,3377.085,long,3372.0193725000004,3388.9047975000003,False,2025-08-26 01:15:00,3372.0193725000004,Stop Loss,-5.065627499999664,-0.0014999999999999005
2025-08-26 19:00:00,3388.165,long,3383.0827525,3400.0235775,False,2025-08-27 02:30:00,3383.0827525,Stop Loss,-5.082247499999994,-0.0014999999999999983
2025-09-02 19:30:00,3538.705,long,3533.3969425,3551.0904675,False,2025-09-02 19:45:00,3533.3969425,Stop Loss,-5.308057499999904,-0.001499999999999973
2025-09-10 09:30:00,3650.725,long,3645.2489125,3663.5025375,False,2025-09-10 12:30:00,3645.2489125,Stop Loss,-5.476087499999721,-0.0014999999999999237
2025-09-10 19:15:00,3639.445,short,3644.9041675000003,3626.7069425000004,False,2025-09-10 23:45:00,3644.9041675000003,Stop Loss,-5.459167500000149,-0.0015000000000000408
2025-09-15 12:45:00,3650.195,long,3644.7197075000004,3662.9706825000003,True,2025-09-16 01:15:00,3678.248,Trailing Take Profit (EMA Cross),28.052999999999884,0.007685342837848357
2025-09-19 01:00:00,3648.045,long,3642.5729325,3660.8131575,False,2025-09-19 01:45:00,3642.5729325,Stop Loss,-5.472067499999866,-0.0014999999999999634
2025-09-21 22:15:00,3690.965,long,3685.4285525000005,3703.8833775000003,False,2025-09-22 00:00:00,3685.4285525000005,Stop Loss,-5.536447499999667,-0.0014999999999999098
2025-09-23 02:00:00,3743.405,short,3749.0201075000004,3730.3030825000005,False,2025-09-23 05:15:00,3749.0201075000004,Stop Loss,-5.615107500000249,-0.0015000000000000666
2025-10-02 13:45:00,3874.795,short,3880.6071925,3861.2332175,True,2025-10-02 19:00:00,3854.275,Trailing Take Profit (EMA Cross),20.519999999999982,0.005295764033968244
2025-10-14 05:30:00,4119.185,short,4125.363777500001,4104.767852500001,False,2025-10-14 05:45:00,4125.363777500001,Stop Loss,-6.178777500000251,-0.0015000000000000607
2025-10-14 22:00:00,4160.448,long,4154.207328,4175.009568,False,2025-10-14 22:15:00,4154.207328,Stop Loss,-6.240671999999904,-0.0014999999999999768
2025-10-15 09:15:00,4189.815,short,4196.0997225,4175.1506475,False,2025-10-15 09:30:00,4196.0997225,Stop Loss,-6.284722500000498,-0.001500000000000119
