o,h,l,c,v,timestamp
1889.9000244140625,1894.9000244140625,1888.0,1891.0,88626,2025-09-09 03:45:00+00:00
1891.300048828125,1891.9000244140625,1888.699951171875,1889.9000244140625,81644,2025-09-09 04:00:00+00:00
1890.300048828125,1890.300048828125,1887.5999755859375,1887.699951171875,53724,2025-09-09 04:15:00+00:00
1888.0,1888.300048828125,1884.699951171875,1885.300048828125,49144,2025-09-09 04:30:00+00:00
1885.199951171875,1886.699951171875,1884.300048828125,1886.4000244140625,70105,2025-09-09 04:45:00+00:00
1886.699951171875,1887.9000244140625,1885.0,1885.199951171875,82777,2025-09-09 05:00:00+00:00
1885.199951171875,1887.0,1883.0999755859375,1885.300048828125,306117,2025-09-09 05:15:00+00:00
1885.199951171875,1887.699951171875,1883.9000244140625,1886.800048828125,260233,2025-09-09 05:30:00+00:00
1886.699951171875,1888.0,1886.199951171875,1886.300048828125,74371,2025-09-09 05:45:00+00:00
1885.5999755859375,1891.300048828125,1885.199951171875,1890.5,261846,2025-09-09 06:00:00+00:00
1890.199951171875,1895.4000244140625,1890.0999755859375,1894.4000244140625,137523,2025-09-09 06:15:00+00:00
1894.199951171875,1899.0,1891.300048828125,1897.699951171875,224739,2025-09-09 06:30:00+00:00
1897.699951171875,1899.9000244140625,1895.300048828125,1896.5,227842,2025-09-09 06:45:00+00:00
1896.699951171875,1899.9000244140625,1896.300048828125,1899.800048828125,136119,2025-09-09 07:00:00+00:00
1899.699951171875,1903.800048828125,1899.5999755859375,1903.800048828125,155117,2025-09-09 07:15:00+00:00
1903.5,1903.800048828125,1900.199951171875,1901.5999755859375,102634,2025-09-09 07:30:00+00:00
1901.300048828125,1902.0,1899.0999755859375,1901.300048828125,57511,2025-09-09 07:45:00+00:00
1901.199951171875,1902.800048828125,1899.9000244140625,1900.5,81520,2025-09-09 08:00:00+00:00
1900.5,1900.9000244140625,1900.0999755859375,1900.4000244140625,53173,2025-09-09 08:15:00+00:00
1900.199951171875,1901.300048828125,1898.9000244140625,1900.199951171875,119214,2025-09-09 08:30:00+00:00
1900.0999755859375,1900.9000244140625,1899.0999755859375,1900.300048828125,119838,2025-09-09 08:45:00+00:00
1900.4000244140625,1900.4000244140625,1892.0999755859375,1894.800048828125,175576,2025-09-09 09:00:00+00:00
1894.5999755859375,1897.9000244140625,1893.300048828125,1895.5999755859375,161119,2025-09-09 09:15:00+00:00
1895.5999755859375,1896.0,1892.4000244140625,1894.199951171875,693833,2025-09-09 09:30:00+00:00
1894.199951171875,1896.9000244140625,1892.800048828125,1893.4000244140625,563836,2025-09-09 09:45:00+00:00
1903.5999755859375,1904.0999755859375,1898.800048828125,1903.0,259983,2025-09-10 03:45:00+00:00
1902.699951171875,1904.0,1901.5,1901.9000244140625,76126,2025-09-10 04:00:00+00:00
1902.199951171875,1903.9000244140625,1900.0,1902.699951171875,104719,2025-09-10 04:15:00+00:00
1902.699951171875,1904.4000244140625,1900.699951171875,1901.0999755859375,68475,2025-09-10 04:30:00+00:00
1901.199951171875,1903.199951171875,1899.5,1902.5999755859375,55359,2025-09-10 04:45:00+00:00
1902.0999755859375,1902.300048828125,1896.5,1898.300048828125,72123,2025-09-10 05:00:00+00:00
1897.5,1899.4000244140625,1895.0999755859375,1896.0,165775,2025-09-10 05:15:00+00:00
1896.0,1900.199951171875,1895.5,1895.5,290830,2025-09-10 05:30:00+00:00
1895.5,1895.5999755859375,1892.5999755859375,1892.9000244140625,161214,2025-09-10 05:45:00+00:00
1893.0,1893.5,1891.699951171875,1891.699951171875,64656,2025-09-10 06:00:00+00:00
1892.199951171875,1892.199951171875,1889.0,1890.0,71776,2025-09-10 06:15:00+00:00
1889.9000244140625,1890.0,1887.699951171875,1888.0,144936,2025-09-10 06:30:00+00:00
1887.9000244140625,1889.800048828125,1885.800048828125,1888.4000244140625,180589,2025-09-10 06:45:00+00:00
1888.4000244140625,1889.5,1887.300048828125,1888.300048828125,76374,2025-09-10 07:00:00+00:00
1888.199951171875,1889.5,1886.5999755859375,1886.5999755859375,111269,2025-09-10 07:15:00+00:00
1886.9000244140625,1887.0,1885.5999755859375,1886.4000244140625,78022,2025-09-10 07:30:00+00:00
1886.5,1888.300048828125,1885.300048828125,1886.4000244140625,147312,2025-09-10 07:45:00+00:00
1886.5,1886.5,1883.699951171875,1884.0,179577,2025-09-10 08:00:00+00:00
1884.0,1886.5,1883.699951171875,1884.800048828125,109006,2025-09-10 08:15:00+00:00
1884.5999755859375,1887.9000244140625,1884.0,1886.800048828125,107190,2025-09-10 08:30:00+00:00
1886.800048828125,1889.300048828125,1884.9000244140625,1886.300048828125,126590,2025-09-10 08:45:00+00:00
1887.199951171875,1888.300048828125,1885.300048828125,1887.300048828125,163230,2025-09-10 09:00:00+00:00
1887.800048828125,1890.9000244140625,1887.699951171875,1888.300048828125,186655,2025-09-10 09:15:00+00:00
1888.300048828125,1892.0999755859375,1888.300048828125,1891.9000244140625,290317,2025-09-10 09:30:00+00:00
1892.0,1894.0,1890.0999755859375,1891.4000244140625,273887,2025-09-10 09:45:00+00:00
1888.5,1889.4000244140625,1883.5,1887.800048828125,111900,2025-09-11 03:45:00+00:00
1887.800048828125,1891.300048828125,1885.4000244140625,1891.0,110579,2025-09-11 04:00:00+00:00
1890.699951171875,1892.0,1890.0999755859375,1891.9000244140625,83923,2025-09-11 04:15:00+00:00
1892.0,1892.300048828125,1890.0999755859375,1890.300048828125,54574,2025-09-11 04:30:00+00:00
1890.300048828125,1891.800048828125,1888.4000244140625,1891.300048828125,65173,2025-09-11 04:45:00+00:00
1891.9000244140625,1894.4000244140625,1890.0999755859375,1893.699951171875,137927,2025-09-11 05:00:00+00:00
1893.699951171875,1895.4000244140625,1892.0,1893.4000244140625,116281,2025-09-11 05:15:00+00:00
1893.5,1896.300048828125,1892.699951171875,1895.300048828125,106806,2025-09-11 05:30:00+00:00
1895.300048828125,1896.0,1893.0,1894.199951171875,76853,2025-09-11 05:45:00+00:00
1894.199951171875,1895.5999755859375,1891.5999755859375,1895.300048828125,113337,2025-09-11 06:00:00+00:00
1895.4000244140625,1895.5999755859375,1892.9000244140625,1894.0999755859375,44213,2025-09-11 06:15:00+00:00
1894.300048828125,1895.0999755859375,1893.699951171875,1894.300048828125,33328,2025-09-11 06:30:00+00:00
1894.300048828125,1899.0,1894.0,1897.9000244140625,123769,2025-09-11 06:45:00+00:00
1897.9000244140625,1900.300048828125,1896.300048828125,1897.9000244140625,87979,2025-09-11 07:00:00+00:00
1897.9000244140625,1902.300048828125,1897.4000244140625,1902.0,136611,2025-09-11 07:15:00+00:00
1901.800048828125,1902.9000244140625,1900.300048828125,1902.9000244140625,35444,2025-09-11 07:30:00+00:00
1902.800048828125,1906.300048828125,1901.699951171875,1904.300048828125,74845,2025-09-11 07:45:00+00:00
1904.199951171875,1905.0,1901.300048828125,1902.199951171875,122168,2025-09-11 08:00:00+00:00
1902.0,1907.0,1900.5,1905.0999755859375,512050,2025-09-11 08:15:00+00:00
1905.0999755859375,1905.800048828125,1902.699951171875,1904.5999755859375,49972,2025-09-11 08:30:00+00:00
1904.4000244140625,1912.9000244140625,1903.4000244140625,1911.699951171875,421602,2025-09-11 08:45:00+00:00
1911.5,1913.9000244140625,1909.9000244140625,1913.699951171875,305839,2025-09-11 09:00:00+00:00
1913.800048828125,1914.9000244140625,1909.199951171875,1909.300048828125,554150,2025-09-11 09:15:00+00:00
1909.800048828125,1915.800048828125,1908.5,1912.4000244140625,658186,2025-09-11 09:30:00+00:00
1912.5999755859375,1916.0,1912.0,1914.199951171875,363541,2025-09-11 09:45:00+00:00
1921.9000244140625,1922.0999755859375,1913.5999755859375,1915.5999755859375,95774,2025-09-12 03:45:00+00:00
1916.0999755859375,1917.0999755859375,1912.300048828125,1915.0999755859375,149551,2025-09-12 04:00:00+00:00
1915.0999755859375,1918.5,1913.5999755859375,1914.5,114593,2025-09-12 04:15:00+00:00
1914.4000244140625,1916.4000244140625,1913.0999755859375,1914.5999755859375,55428,2025-09-12 04:30:00+00:00
1914.5999755859375,1915.5,1912.199951171875,1915.300048828125,76144,2025-09-12 04:45:00+00:00
1915.300048828125,1915.9000244140625,1912.199951171875,1913.0,46354,2025-09-12 05:00:00+00:00
1913.0,1913.4000244140625,1909.0999755859375,1911.800048828125,108235,2025-09-12 05:15:00+00:00
1911.9000244140625,1912.5999755859375,1910.0,1910.9000244140625,207350,2025-09-12 05:30:00+00:00
1911.0,1916.300048828125,1909.199951171875,1913.699951171875,273871,2025-09-12 05:45:00+00:00
1913.699951171875,1916.0,1912.0999755859375,1914.9000244140625,52046,2025-09-12 06:00:00+00:00
1914.9000244140625,1915.5,1913.199951171875,1915.5,61673,2025-09-12 06:15:00+00:00
1915.4000244140625,1917.199951171875,1913.4000244140625,1916.5,319905,2025-09-12 06:30:00+00:00
1916.9000244140625,1918.0,1914.0,1915.0999755859375,59951,2025-09-12 06:45:00+00:00
1915.0,1915.5,1914.4000244140625,1915.5,43353,2025-09-12 07:00:00+00:00
1915.5,1915.5999755859375,1913.0999755859375,1914.0,58014,2025-09-12 07:15:00+00:00
1913.9000244140625,1915.0,1913.5999755859375,1914.800048828125,60745,2025-09-12 07:30:00+00:00
1914.800048828125,1914.800048828125,1913.300048828125,1913.4000244140625,51937,2025-09-12 07:45:00+00:00
1913.4000244140625,1913.5999755859375,1910.5,1910.800048828125,63220,2025-09-12 08:00:00+00:00
1910.800048828125,1911.0999755859375,1908.5999755859375,1909.9000244140625,85829,2025-09-12 08:15:00+00:00
1910.0999755859375,1910.199951171875,1907.4000244140625,1908.4000244140625,61748,2025-09-12 08:30:00+00:00
1908.5,1912.0999755859375,1908.199951171875,1909.300048828125,193744,2025-09-12 08:45:00+00:00
1909.5999755859375,1909.5999755859375,1905.800048828125,1906.0,82418,2025-09-12 09:00:00+00:00
1905.9000244140625,1905.9000244140625,1903.5999755859375,1903.800048828125,106514,2025-09-12 09:15:00+00:00
1904.199951171875,1905.9000244140625,1901.699951171875,1902.4000244140625,275506,2025-09-12 09:30:00+00:00
1902.4000244140625,1904.0999755859375,1901.5999755859375,1903.0,281041,2025-09-12 09:45:00+00:00
1904.0999755859375,1908.800048828125,1898.4000244140625,1906.5999755859375,113545,2025-09-15 03:45:00+00:00
1906.300048828125,1907.800048828125,1903.5,1907.300048828125,104227,2025-09-15 04:00:00+00:00
1907.300048828125,1907.699951171875,1904.5999755859375,1904.800048828125,75603,2025-09-15 04:15:00+00:00
1904.5999755859375,1906.9000244140625,1903.0999755859375,1906.199951171875,68580,2025-09-15 04:30:00+00:00
1906.0999755859375,1912.0,1906.0,1910.4000244140625,84169,2025-09-15 04:45:00+00:00
1910.5,1912.5999755859375,1906.5,1906.5,102490,2025-09-15 05:00:00+00:00
1906.5,1907.0999755859375,1902.199951171875,1903.9000244140625,130848,2025-09-15 05:15:00+00:00
1904.0999755859375,1908.699951171875,1903.699951171875,1903.800048828125,137864,2025-09-15 05:30:00+00:00
1904.0999755859375,1904.4000244140625,1903.199951171875,1903.5999755859375,77015,2025-09-15 05:45:00+00:00
1903.5999755859375,1904.800048828125,1901.0999755859375,1901.9000244140625,93752,2025-09-15 06:00:00+00:00
1901.9000244140625,1903.9000244140625,1901.0999755859375,1902.800048828125,83488,2025-09-15 06:15:00+00:00
1902.800048828125,1903.800048828125,1901.199951171875,1901.5999755859375,75557,2025-09-15 06:30:00+00:00
1901.5999755859375,1902.800048828125,1901.0999755859375,1901.5999755859375,79701,2025-09-15 06:45:00+00:00
1901.699951171875,1902.699951171875,1900.0999755859375,1900.300048828125,107440,2025-09-15 07:00:00+00:00
1900.199951171875,1900.800048828125,1898.800048828125,1899.5999755859375,91557,2025-09-15 07:15:00+00:00
1899.699951171875,1902.800048828125,1899.0,1902.5999755859375,66584,2025-09-15 07:30:00+00:00
1902.300048828125,1905.800048828125,1902.0999755859375,1905.0,150483,2025-09-15 07:45:00+00:00
1904.9000244140625,1905.5999755859375,1901.4000244140625,1902.300048828125,136458,2025-09-15 08:00:00+00:00
1902.0999755859375,1904.300048828125,1901.300048828125,1902.199951171875,221391,2025-09-15 08:15:00+00:00
1902.199951171875,1904.300048828125,1901.0999755859375,1902.5999755859375,156825,2025-09-15 08:30:00+00:00
1902.5999755859375,1902.5999755859375,1901.5,1901.800048828125,100963,2025-09-15 08:45:00+00:00
1901.800048828125,1907.0,1901.5,1905.800048828125,121612,2025-09-15 09:00:00+00:00
1905.5999755859375,1909.4000244140625,1905.5,1907.300048828125,164659,2025-09-15 09:15:00+00:00
1907.0,1907.0,1902.5999755859375,1903.300048828125,386726,2025-09-15 09:30:00+00:00
1903.300048828125,1907.5999755859375,1903.300048828125,1907.5,345706,2025-09-15 09:45:00+00:00
1904.5,1914.0,1904.5,1911.5999755859375,90476,2025-09-16 03:45:00+00:00
1911.5999755859375,1913.4000244140625,1909.0999755859375,1911.699951171875,76085,2025-09-16 04:00:00+00:00
1911.699951171875,1913.800048828125,1911.4000244140625,1913.0,60148,2025-09-16 04:15:00+00:00
1912.9000244140625,1914.699951171875,1911.300048828125,1914.300048828125,117724,2025-09-16 04:30:00+00:00
1914.300048828125,1919.199951171875,1912.800048828125,1918.199951171875,185957,2025-09-16 04:45:00+00:00
1918.0,1920.0,1915.4000244140625,1919.9000244140625,311125,2025-09-16 05:00:00+00:00
1919.0,1921.0,1917.199951171875,1921.0,312575,2025-09-16 05:30:00+00:00
1920.699951171875,1924.4000244140625,1919.5,1923.9000244140625,103051,2025-09-16 05:45:00+00:00
1924.0999755859375,1926.300048828125,1923.0999755859375,1925.699951171875,123262,2025-09-16 06:00:00+00:00
1925.699951171875,1931.4000244140625,1925.5,1931.0,323079,2025-09-16 06:15:00+00:00
1931.0,1934.5,1930.0,1934.0,151462,2025-09-16 06:30:00+00:00
1934.0,1937.699951171875,1930.5,1930.5,275055,2025-09-16 06:45:00+00:00
1930.5999755859375,1932.699951171875,1930.199951171875,1932.0,88775,2025-09-16 07:00:00+00:00
1931.9000244140625,1932.300048828125,1930.0,1931.5999755859375,113927,2025-09-16 07:15:00+00:00
1931.300048828125,1931.5999755859375,1930.0,1930.5,71547,2025-09-16 07:30:00+00:00
1930.5999755859375,1930.5999755859375,1927.4000244140625,1929.300048828125,107807,2025-09-16 07:45:00+00:00
1929.0,1931.0,1927.199951171875,1931.0,49301,2025-09-16 08:00:00+00:00
1930.9000244140625,1930.9000244140625,1925.800048828125,1927.4000244140625,70178,2025-09-16 08:15:00+00:00
1927.199951171875,1929.300048828125,1927.0,1928.0999755859375,53973,2025-09-16 08:30:00+00:00
1926.800048828125,1933.699951171875,1925.800048828125,1932.300048828125,224106,2025-09-16 08:45:00+00:00
1932.199951171875,1935.300048828125,1932.0,1934.9000244140625,229906,2025-09-16 09:00:00+00:00
1938.0,1941.199951171875,1935.699951171875,1938.5,1316777,2025-09-16 09:30:00+00:00
1938.5,1941.5999755859375,1936.800048828125,1939.5,624993,2025-09-16 09:45:00+00:00
1938.9000244140625,1941.9000244140625,1933.5999755859375,1936.5,419158,2025-09-17 03:45:00+00:00
1937.0,1941.0,1935.9000244140625,1940.9000244140625,172984,2025-09-17 04:00:00+00:00
1940.9000244140625,1941.199951171875,1936.9000244140625,1937.9000244140625,135602,2025-09-17 04:15:00+00:00
1938.0999755859375,1939.800048828125,1937.5,1938.699951171875,54466,2025-09-17 04:30:00+00:00
1938.800048828125,1939.0,1934.800048828125,1937.0,72854,2025-09-17 04:45:00+00:00
1937.0,1939.9000244140625,1936.4000244140625,1939.4000244140625,69849,2025-09-17 05:00:00+00:00
1939.300048828125,1944.199951171875,1938.699951171875,1943.9000244140625,127070,2025-09-17 05:15:00+00:00
1944.0,1944.300048828125,1942.0999755859375,1944.0999755859375,106894,2025-09-17 05:30:00+00:00
1944.0999755859375,1944.0999755859375,1939.5,1939.5999755859375,57241,2025-09-17 05:45:00+00:00
1939.5,1945.9000244140625,1939.5,1945.199951171875,218492,2025-09-17 06:00:00+00:00
1945.199951171875,1947.5,1943.199951171875,1947.4000244140625,190087,2025-09-17 06:15:00+00:00
1947.5,1949.0,1946.4000244140625,1946.9000244140625,206225,2025-09-17 06:30:00+00:00
1946.9000244140625,1948.300048828125,1945.199951171875,1946.699951171875,133725,2025-09-17 06:45:00+00:00
1946.800048828125,1948.9000244140625,1945.0,1948.0999755859375,122365,2025-09-17 07:00:00+00:00
1948.0999755859375,1948.4000244140625,1944.0,1944.5999755859375,135017,2025-09-17 07:15:00+00:00
1944.5,1947.5,1943.699951171875,1947.5,161889,2025-09-17 07:30:00+00:00
1947.5,1950.0,1947.199951171875,1948.699951171875,84146,2025-09-17 07:45:00+00:00
1948.699951171875,1949.199951171875,1946.300048828125,1947.4000244140625,102999,2025-09-17 08:00:00+00:00
1947.199951171875,1948.699951171875,1945.5999755859375,1947.699951171875,126285,2025-09-17 08:15:00+00:00
1947.699951171875,1948.199951171875,1945.4000244140625,1947.9000244140625,185606,2025-09-17 08:30:00+00:00
1947.800048828125,1948.199951171875,1942.300048828125,1945.9000244140625,168646,2025-09-17 08:45:00+00:00
1945.800048828125,1945.9000244140625,1942.199951171875,1944.4000244140625,185994,2025-09-17 09:00:00+00:00
1944.4000244140625,1945.699951171875,1942.0,1942.800048828125,263214,2025-09-17 09:15:00+00:00
1942.0,1943.0,1940.0,1940.0999755859375,387709,2025-09-17 09:30:00+00:00
1940.0999755859375,1943.800048828125,1939.5999755859375,1940.9000244140625,341194,2025-09-17 09:45:00+00:00
1945.0,1949.800048828125,1940.0999755859375,1940.4000244140625,171237,2025-09-18 03:45:00+00:00
1940.300048828125,1941.4000244140625,1934.0999755859375,1934.9000244140625,133916,2025-09-18 04:00:00+00:00
1935.0999755859375,1935.300048828125,1926.5999755859375,1927.0,313404,2025-09-18 04:15:00+00:00
1927.0,1927.0,1921.0999755859375,1925.0999755859375,181932,2025-09-18 04:30:00+00:00
1924.800048828125,1927.9000244140625,1924.0,1926.9000244140625,89273,2025-09-18 04:45:00+00:00
1926.9000244140625,1933.5,1926.9000244140625,1932.4000244140625,159543,2025-09-18 05:00:00+00:00
1932.4000244140625,1937.0999755859375,1932.199951171875,1932.800048828125,157900,2025-09-18 05:15:00+00:00
1932.800048828125,1933.0,1930.4000244140625,1932.9000244140625,93668,2025-09-18 05:30:00+00:00
1932.800048828125,1934.4000244140625,1930.9000244140625,1933.5999755859375,112836,2025-09-18 05:45:00+00:00
1933.800048828125,1939.5,1933.4000244140625,1934.9000244140625,264260,2025-09-18 06:00:00+00:00
1935.0,1936.5,1934.5999755859375,1935.5999755859375,113194,2025-09-18 06:15:00+00:00
1935.5999755859375,1936.9000244140625,1934.5999755859375,1936.9000244140625,93382,2025-09-18 06:30:00+00:00
1936.9000244140625,1937.5999755859375,1935.0,1936.0999755859375,116375,2025-09-18 06:45:00+00:00
1936.0999755859375,1940.5999755859375,1935.0999755859375,1940.4000244140625,167853,2025-09-18 07:00:00+00:00
1940.300048828125,1940.800048828125,1937.0,1938.699951171875,127401,2025-09-18 07:15:00+00:00
1938.800048828125,1941.5,1936.699951171875,1940.800048828125,168775,2025-09-18 07:30:00+00:00
1940.800048828125,1945.300048828125,1940.0,1945.300048828125,121487,2025-09-18 07:45:00+00:00
1945.4000244140625,1948.800048828125,1942.699951171875,1946.699951171875,277755,2025-09-18 08:00:00+00:00
1946.4000244140625,1947.199951171875,1941.4000244140625,1943.800048828125,201833,2025-09-18 08:15:00+00:00
1943.699951171875,1944.199951171875,1939.5,1942.0,199540,2025-09-18 08:30:00+00:00
1941.9000244140625,1942.0,1935.5,1936.0999755859375,197634,2025-09-18 08:45:00+00:00
1936.300048828125,1938.0999755859375,1932.5999755859375,1937.800048828125,234145,2025-09-18 09:00:00+00:00
1937.699951171875,1941.5999755859375,1936.5999755859375,1941.5,289679,2025-09-18 09:15:00+00:00
1941.5,1945.0,1939.300048828125,1939.300048828125,528008,2025-09-18 09:30:00+00:00
1939.4000244140625,1942.0,1937.5999755859375,1941.0999755859375,382086,2025-09-18 09:45:00+00:00
1935.0,1941.300048828125,1927.800048828125,1933.0999755859375,417880,2025-09-19 03:45:00+00:00
1933.4000244140625,1949.0,1932.5,1947.4000244140625,726031,2025-09-19 04:00:00+00:00
1947.4000244140625,1948.5,1940.9000244140625,1942.0999755859375,124981,2025-09-19 04:15:00+00:00
1941.800048828125,1943.699951171875,1939.300048828125,1941.0,70949,2025-09-19 04:30:00+00:00
1941.0,1941.0,1937.5999755859375,1939.9000244140625,60907,2025-09-19 04:45:00+00:00
1939.5,1943.5,1935.4000244140625,1936.699951171875,85007,2025-09-19 05:00:00+00:00
1936.199951171875,1940.0,1936.199951171875,1937.800048828125,45826,2025-09-19 05:15:00+00:00
1938.199951171875,1938.199951171875,1933.5999755859375,1934.9000244140625,99981,2025-09-19 05:30:00+00:00
1934.9000244140625,1935.9000244140625,1934.5,1934.800048828125,52454,2025-09-19 05:45:00+00:00
1935.0,1939.5999755859375,1933.199951171875,1939.5999755859375,113011,2025-09-19 06:00:00+00:00
1939.0,1941.9000244140625,1936.199951171875,1937.699951171875,70456,2025-09-19 06:15:00+00:00
1938.0,1942.0,1937.0999755859375,1941.0999755859375,134793,2025-09-19 06:30:00+00:00
1940.5999755859375,1945.0999755859375,1938.699951171875,1941.5999755859375,178457,2025-09-19 06:45:00+00:00
1942.0,1945.300048828125,1941.300048828125,1943.800048828125,72370,2025-09-19 07:00:00+00:00
1943.9000244140625,1945.800048828125,1940.199951171875,1945.800048828125,150873,2025-09-19 07:15:00+00:00
1945.699951171875,1947.4000244140625,1944.9000244140625,1946.9000244140625,98105,2025-09-19 07:30:00+00:00
1946.9000244140625,1949.199951171875,1946.0999755859375,1948.800048828125,255087,2025-09-19 07:45:00+00:00
1948.699951171875,1952.5,1945.0,1947.300048828125,300788,2025-09-19 08:00:00+00:00
1947.0,1948.0999755859375,1945.0,1948.0999755859375,99756,2025-09-19 08:15:00+00:00
1948.300048828125,1951.9000244140625,1946.800048828125,1950.4000244140625,221135,2025-09-19 08:30:00+00:00
1950.4000244140625,1956.800048828125,1950.300048828125,1956.4000244140625,630570,2025-09-19 08:45:00+00:00
1956.199951171875,1964.5,1956.0,1963.5,404020,2025-09-19 09:00:00+00:00
1963.5999755859375,1975.699951171875,1963.199951171875,1975.199951171875,604551,2025-09-19 09:15:00+00:00
1975.800048828125,1976.5999755859375,1955.699951171875,1960.5999755859375,3216158,2025-09-19 09:30:00+00:00
1960.800048828125,1962.9000244140625,1952.800048828125,1962.4000244140625,2452960,2025-09-19 09:45:00+00:00
1958.0999755859375,1961.4000244140625,1944.199951171875,1957.0999755859375,332821,2025-09-22 03:45:00+00:00
1957.0,1961.4000244140625,1955.9000244140625,1961.199951171875,166205,2025-09-22 04:00:00+00:00
1960.4000244140625,1962.4000244140625,1958.0,1960.4000244140625,262333,2025-09-22 04:15:00+00:00
1960.4000244140625,1961.9000244140625,1955.0999755859375,1955.5,79353,2025-09-22 04:30:00+00:00
1955.800048828125,1956.4000244140625,1950.300048828125,1951.9000244140625,258226,2025-09-22 04:45:00+00:00
1952.5,1956.800048828125,1951.800048828125,1955.300048828125,57623,2025-09-22 05:00:00+00:00
1955.300048828125,1955.300048828125,1952.0,1953.9000244140625,112972,2025-09-22 05:15:00+00:00
1953.9000244140625,1955.5999755859375,1953.199951171875,1953.5999755859375,41757,2025-09-22 05:30:00+00:00
1954.0,1957.0999755859375,1953.199951171875,1955.5,151801,2025-09-22 05:45:00+00:00
1955.4000244140625,1956.699951171875,1952.5,1952.800048828125,54590,2025-09-22 06:00:00+00:00
1952.800048828125,1959.199951171875,1951.5999755859375,1955.800048828125,219914,2025-09-22 06:15:00+00:00
1955.800048828125,1958.199951171875,1952.0999755859375,1953.199951171875,217871,2025-09-22 06:30:00+00:00
1953.199951171875,1954.699951171875,1950.0,1953.699951171875,173633,2025-09-22 06:45:00+00:00
1953.699951171875,1956.800048828125,1953.4000244140625,1955.699951171875,111294,2025-09-22 07:00:00+00:00
1955.9000244140625,1958.699951171875,1954.800048828125,1957.0,89761,2025-09-22 07:15:00+00:00
1957.0,1961.4000244140625,1956.800048828125,1959.300048828125,153209,2025-09-22 07:30:00+00:00
1959.300048828125,1959.9000244140625,1957.0999755859375,1959.199951171875,88561,2025-09-22 07:45:00+00:00
1958.0999755859375,1959.199951171875,1956.0999755859375,1957.5,90421,2025-09-22 08:00:00+00:00
1957.9000244140625,1959.300048828125,1956.0,1958.199951171875,169561,2025-09-22 08:15:00+00:00
1958.4000244140625,1964.5999755859375,1957.4000244140625,1964.5999755859375,318559,2025-09-22 08:30:00+00:00
1964.5999755859375,1965.9000244140625,1959.300048828125,1960.300048828125,169452,2025-09-22 08:45:00+00:00
1960.0999755859375,1961.0,1955.0,1955.9000244140625,74337,2025-09-22 09:00:00+00:00
1956.199951171875,1958.5,1954.300048828125,1957.300048828125,201548,2025-09-22 09:15:00+00:00
1957.300048828125,1958.5,1955.0,1955.5999755859375,346916,2025-09-22 09:30:00+00:00
1955.5999755859375,1957.0,1955.0,1956.199951171875,289459,2025-09-22 09:45:00+00:00
1952.0,1953.800048828125,1942.5999755859375,1944.0,93074,2025-09-23 03:45:00+00:00
1942.5999755859375,1942.5999755859375,1933.5999755859375,1934.0999755859375,131613,2025-09-23 04:00:00+00:00
1933.9000244140625,1942.0,1933.199951171875,1941.300048828125,133604,2025-09-23 04:15:00+00:00
1941.5,1942.0999755859375,1940.0,1940.0,75776,2025-09-23 04:30:00+00:00
1940.0999755859375,1940.199951171875,1936.5,1937.5999755859375,77265,2025-09-23 04:45:00+00:00
1937.800048828125,1938.0999755859375,1936.4000244140625,1937.5999755859375,26057,2025-09-23 05:00:00+00:00
1937.5999755859375,1937.9000244140625,1934.0,1935.800048828125,115741,2025-09-23 05:15:00+00:00
1936.0,1936.300048828125,1933.0,1933.5999755859375,54600,2025-09-23 05:30:00+00:00
1933.5999755859375,1936.0999755859375,1931.300048828125,1936.0,54019,2025-09-23 05:45:00+00:00
1935.9000244140625,1936.800048828125,1930.199951171875,1930.5,70665,2025-09-23 06:00:00+00:00
1930.5999755859375,1936.0999755859375,1930.5,1935.5999755859375,149906,2025-09-23 06:15:00+00:00
1935.9000244140625,1938.0999755859375,1935.0,1936.9000244140625,52221,2025-09-23 06:30:00+00:00
1937.4000244140625,1940.300048828125,1935.5999755859375,1940.0999755859375,212441,2025-09-23 06:45:00+00:00
1940.300048828125,1945.800048828125,1938.4000244140625,1944.0,239350,2025-09-23 07:00:00+00:00
1943.5,1944.5,1939.800048828125,1941.699951171875,144227,2025-09-23 07:15:00+00:00
1941.699951171875,1944.5,1941.4000244140625,1943.5999755859375,83847,2025-09-23 07:30:00+00:00
1943.5999755859375,1945.9000244140625,1942.5,1945.5999755859375,97282,2025-09-23 07:45:00+00:00
1945.699951171875,1948.9000244140625,1944.5999755859375,1948.4000244140625,253808,2025-09-23 08:00:00+00:00
1948.4000244140625,1949.800048828125,1942.0,1942.5999755859375,89867,2025-09-23 08:15:00+00:00
1942.199951171875,1946.9000244140625,1942.199951171875,1943.699951171875,140337,2025-09-23 08:30:00+00:00
1944.0999755859375,1946.4000244140625,1941.300048828125,1944.5999755859375,245990,2025-09-23 08:45:00+00:00
1944.699951171875,1947.199951171875,1942.800048828125,1945.300048828125,176525,2025-09-23 09:00:00+00:00
1945.0999755859375,1945.5,1939.300048828125,1939.9000244140625,237354,2025-09-23 09:15:00+00:00
1940.5,1942.0,1935.9000244140625,1939.199951171875,751926,2025-09-23 09:30:00+00:00
1939.9000244140625,1941.800048828125,1936.300048828125,1938.699951171875,429228,2025-09-23 09:45:00+00:00
1932.0,1932.0,1921.0,1922.9000244140625,255327,2025-09-24 03:45:00+00:00
1923.199951171875,1923.4000244140625,1919.0999755859375,1920.699951171875,231995,2025-09-24 04:00:00+00:00
1921.199951171875,1922.199951171875,1919.0,1921.0999755859375,172870,2025-09-24 04:15:00+00:00
1921.300048828125,1924.5999755859375,1921.0,1923.300048828125,76455,2025-09-24 04:30:00+00:00
1923.199951171875,1925.5999755859375,1922.699951171875,1923.300048828125,89657,2025-09-24 04:45:00+00:00
1923.300048828125,1926.300048828125,1923.300048828125,1924.0,70178,2025-09-24 05:00:00+00:00
1924.800048828125,1925.5999755859375,1922.9000244140625,1923.5,250899,2025-09-24 05:15:00+00:00
1923.5,1923.5,1920.0,1921.5,221173,2025-09-24 05:30:00+00:00
1921.5,1923.300048828125,1921.5,1923.0,56780,2025-09-24 05:45:00+00:00
1923.0,1923.699951171875,1921.0999755859375,1922.5,154092,2025-09-24 06:00:00+00:00
1922.4000244140625,1923.300048828125,1919.5999755859375,1921.0,156282,2025-09-24 06:15:00+00:00
1920.5,1922.800048828125,1919.9000244140625,1922.800048828125,84148,2025-09-24 06:30:00+00:00
1922.5999755859375,1927.0,1922.4000244140625,1925.199951171875,115876,2025-09-24 06:45:00+00:00
1925.800048828125,1930.0,1925.4000244140625,1926.4000244140625,159388,2025-09-24 07:00:00+00:00
1926.4000244140625,1928.5,1925.199951171875,1928.199951171875,135180,2025-09-24 07:15:00+00:00
1928.199951171875,1931.4000244140625,1927.5,1931.199951171875,111638,2025-09-24 07:30:00+00:00
1931.4000244140625,1933.0999755859375,1929.9000244140625,1931.9000244140625,252442,2025-09-24 07:45:00+00:00
1931.9000244140625,1934.800048828125,1930.0999755859375,1933.4000244140625,138940,2025-09-24 08:00:00+00:00
1933.300048828125,1934.199951171875,1930.0999755859375,1931.0999755859375,199582,2025-09-24 08:15:00+00:00
1931.4000244140625,1935.699951171875,1931.0,1935.5999755859375,133226,2025-09-24 08:30:00+00:00
1935.5999755859375,1937.0999755859375,1931.199951171875,1933.5999755859375,148733,2025-09-24 08:45:00+00:00
1933.5999755859375,1933.800048828125,1926.199951171875,1929.0999755859375,201338,2025-09-24 09:00:00+00:00
1929.0999755859375,1931.4000244140625,1927.0999755859375,1927.9000244140625,151572,2025-09-24 09:15:00+00:00
1927.9000244140625,1930.300048828125,1926.800048828125,1930.0999755859375,467821,2025-09-24 09:30:00+00:00
1930.5999755859375,1937.300048828125,1928.5999755859375,1931.0999755859375,482765,2025-09-24 09:45:00+00:00
1930.0,1946.0,1930.0,1939.199951171875,143577,2025-09-25 03:45:00+00:00
1939.800048828125,1942.0,1937.0999755859375,1939.800048828125,252764,2025-09-25 04:00:00+00:00
1939.5999755859375,1944.0999755859375,1938.9000244140625,1942.9000244140625,334364,2025-09-25 04:15:00+00:00
1943.300048828125,1943.300048828125,1939.0999755859375,1939.800048828125,64842,2025-09-25 04:30:00+00:00
1939.300048828125,1944.0,1939.300048828125,1943.5999755859375,84986,2025-09-25 04:45:00+00:00
1943.5999755859375,1944.0,1938.9000244140625,1941.5999755859375,95439,2025-09-25 05:00:00+00:00
1940.5,1941.300048828125,1937.300048828125,1937.300048828125,79508,2025-09-25 05:15:00+00:00
1938.300048828125,1940.699951171875,1935.5,1939.0999755859375,117421,2025-09-25 05:30:00+00:00
1939.699951171875,1940.5999755859375,1937.0,1938.0,87719,2025-09-25 05:45:00+00:00
1938.699951171875,1939.0999755859375,1936.199951171875,1937.800048828125,69334,2025-09-25 06:00:00+00:00
1937.800048828125,1941.9000244140625,1936.4000244140625,1939.9000244140625,146240,2025-09-25 06:15:00+00:00
1940.5999755859375,1943.4000244140625,1939.5,1941.0999755859375,154011,2025-09-25 06:30:00+00:00
1941.0,1941.5999755859375,1937.5999755859375,1939.199951171875,180658,2025-09-25 06:45:00+00:00
1939.0999755859375,1939.0999755859375,1935.5999755859375,1937.0999755859375,119414,2025-09-25 07:00:00+00:00
1937.0,1944.300048828125,1936.4000244140625,1943.5,254529,2025-09-25 07:15:00+00:00
1943.5,1946.0999755859375,1940.0999755859375,1943.199951171875,243661,2025-09-25 07:30:00+00:00
1943.199951171875,1946.300048828125,1942.0,1945.4000244140625,194815,2025-09-25 07:45:00+00:00
1945.4000244140625,1948.300048828125,1943.0999755859375,1948.199951171875,851264,2025-09-25 08:00:00+00:00
1948.0,1948.0,1944.4000244140625,1945.5,118961,2025-09-25 08:15:00+00:00
1945.5,1946.4000244140625,1942.199951171875,1945.5999755859375,234330,2025-09-25 08:30:00+00:00
1945.0999755859375,1950.0,1944.800048828125,1945.300048828125,399335,2025-09-25 08:45:00+00:00
1945.4000244140625,1946.699951171875,1942.0,1943.0999755859375,220644,2025-09-25 09:00:00+00:00
1943.699951171875,1943.800048828125,1936.699951171875,1936.800048828125,265841,2025-09-25 09:15:00+00:00
1937.0,1939.300048828125,1933.0,1937.9000244140625,1114899,2025-09-25 09:30:00+00:00
1938.0,1939.199951171875,1934.0999755859375,1935.0,1035141,2025-09-25 09:45:00+00:00
1942.0,1942.0,1932.800048828125,1933.9000244140625,88844,2025-09-26 03:45:00+00:00
1934.0,1934.0,1925.0,1931.699951171875,298283,2025-09-26 04:00:00+00:00
1932.0,1935.699951171875,1931.5,1932.0,104672,2025-09-26 04:15:00+00:00
1932.5,1932.5,1930.300048828125,1930.800048828125,32063,2025-09-26 04:30:00+00:00
1930.800048828125,1930.800048828125,1926.699951171875,1927.699951171875,60525,2025-09-26 04:45:00+00:00
1927.0,1927.5999755859375,1923.199951171875,1924.0,102462,2025-09-26 05:00:00+00:00
1923.5,1925.199951171875,1923.0999755859375,1925.199951171875,70158,2025-09-26 05:15:00+00:00
1925.800048828125,1926.699951171875,1923.0999755859375,1923.800048828125,58717,2025-09-26 05:30:00+00:00
1923.0999755859375,1924.800048828125,1921.0,1923.4000244140625,115584,2025-09-26 05:45:00+00:00
1923.4000244140625,1924.699951171875,1920.0,1924.0,179628,2025-09-26 06:00:00+00:00
1924.0,1924.699951171875,1921.9000244140625,1924.0999755859375,102629,2025-09-26 06:15:00+00:00
1923.800048828125,1925.800048828125,1923.0,1923.0,160604,2025-09-26 06:30:00+00:00
1923.800048828125,1924.5,1922.699951171875,1923.0999755859375,58428,2025-09-26 06:45:00+00:00
1923.300048828125,1923.800048828125,1920.5,1923.800048828125,88307,2025-09-26 07:00:00+00:00
1923.800048828125,1924.5,1921.5,1923.300048828125,121535,2025-09-26 07:15:00+00:00
1923.300048828125,1924.0,1919.0,1919.699951171875,143445,2025-09-26 07:30:00+00:00
1919.9000244140625,1922.300048828125,1919.199951171875,1920.0,79147,2025-09-26 07:45:00+00:00
1920.0,1920.0,1915.199951171875,1918.800048828125,96881,2025-09-26 08:00:00+00:00
1918.699951171875,1919.0999755859375,1912.5,1913.800048828125,73869,2025-09-26 08:15:00+00:00
1913.800048828125,1916.300048828125,1912.0,1915.800048828125,71004,2025-09-26 08:30:00+00:00
1915.800048828125,1916.0999755859375,1912.5,1916.0999755859375,78446,2025-09-26 08:45:00+00:00
1916.199951171875,1916.699951171875,1913.5,1915.800048828125,91290,2025-09-26 09:00:00+00:00
1916.0,1917.199951171875,1912.699951171875,1915.4000244140625,138509,2025-09-26 09:15:00+00:00
1914.0999755859375,1916.0999755859375,1914.0999755859375,1915.0999755859375,239921,2025-09-26 09:30:00+00:00
1915.800048828125,1920.9000244140625,1912.0,1915.4000244140625,417213,2025-09-26 09:45:00+00:00
1923.9000244140625,1926.199951171875,1907.0,1910.0999755859375,91435,2025-09-29 03:45:00+00:00
1910.0,1912.5,1905.4000244140625,1911.800048828125,87382,2025-09-29 04:00:00+00:00
1911.800048828125,1915.5,1910.0,1911.800048828125,134658,2025-09-29 04:15:00+00:00
1912.4000244140625,1913.699951171875,1908.5999755859375,1910.0,152996,2025-09-29 04:30:00+00:00
1909.5999755859375,1913.0,1908.0999755859375,1911.5999755859375,61264,2025-09-29 04:45:00+00:00
1911.5999755859375,1914.0,1910.5999755859375,1913.5,56449,2025-09-29 05:00:00+00:00
1913.699951171875,1917.0999755859375,1912.699951171875,1913.9000244140625,82957,2025-09-29 05:15:00+00:00
1913.9000244140625,1914.5999755859375,1908.300048828125,1908.4000244140625,59673,2025-09-29 05:30:00+00:00
1908.5999755859375,1911.4000244140625,1907.300048828125,1910.0,62258,2025-09-29 05:45:00+00:00
1909.699951171875,1910.4000244140625,1907.4000244140625,1909.4000244140625,136722,2025-09-29 06:00:00+00:00
1909.5,1913.0,1908.699951171875,1911.4000244140625,91351,2025-09-29 06:15:00+00:00
1911.199951171875,1915.699951171875,1910.5999755859375,1915.699951171875,201047,2025-09-29 06:30:00+00:00
1915.5999755859375,1919.300048828125,1915.0999755859375,1918.0,96877,2025-09-29 06:45:00+00:00
1917.0999755859375,1918.0,1915.0,1915.300048828125,33436,2025-09-29 07:00:00+00:00
1915.0,1918.0,1915.0,1917.9000244140625,66132,2025-09-29 07:15:00+00:00
1917.5,1923.0,1916.0,1918.0,158219,2025-09-29 07:30:00+00:00
1917.800048828125,1918.0999755859375,1911.800048828125,1913.199951171875,80846,2025-09-29 07:45:00+00:00
1913.199951171875,1914.0999755859375,1907.699951171875,1909.0999755859375,126826,2025-09-29 08:00:00+00:00
1908.5,1911.5999755859375,1906.800048828125,1910.9000244140625,133173,2025-09-29 08:15:00+00:00
1910.9000244140625,1919.199951171875,1910.5999755859375,1916.300048828125,116712,2025-09-29 08:30:00+00:00
1916.300048828125,1921.5,1915.300048828125,1918.4000244140625,171070,2025-09-29 08:45:00+00:00
1918.4000244140625,1918.800048828125,1913.800048828125,1913.9000244140625,145311,2025-09-29 09:00:00+00:00
1913.9000244140625,1916.0,1912.300048828125,1914.5,178157,2025-09-29 09:15:00+00:00
1914.5,1914.5,1900.5,1900.5999755859375,1309565,2025-09-29 09:30:00+00:00
1900.699951171875,1906.5999755859375,1897.5999755859375,1906.5999755859375,1048150,2025-09-29 09:45:00+00:00
1896.800048828125,1907.5999755859375,1892.699951171875,1902.9000244140625,105970,2025-09-30 03:45:00+00:00
1902.4000244140625,1904.699951171875,1896.0,1898.5,106538,2025-09-30 04:00:00+00:00
1898.5999755859375,1902.4000244140625,1897.0,1897.4000244140625,195182,2025-09-30 04:15:00+00:00
1897.0999755859375,1899.300048828125,1895.0,1896.5,235596,2025-09-30 04:30:00+00:00
1896.800048828125,1897.300048828125,1893.0,1893.4000244140625,81596,2025-09-30 04:45:00+00:00
1893.5,1893.9000244140625,1890.800048828125,1891.9000244140625,94786,2025-09-30 05:00:00+00:00
1891.9000244140625,1895.5999755859375,1891.199951171875,1894.9000244140625,87353,2025-09-30 05:15:00+00:00
1895.0,1897.9000244140625,1894.300048828125,1895.5,195866,2025-09-30 05:30:00+00:00
1895.5,1897.800048828125,1892.199951171875,1892.699951171875,60738,2025-09-30 05:45:00+00:00
1892.800048828125,1895.5999755859375,1892.0,1893.4000244140625,75777,2025-09-30 06:00:00+00:00
1893.4000244140625,1895.0,1887.5,1888.699951171875,114503,2025-09-30 06:15:00+00:00
1888.699951171875,1889.9000244140625,1886.5,1888.0,87415,2025-09-30 06:30:00+00:00
1888.0,1895.0,1887.699951171875,1894.5999755859375,158885,2025-09-30 06:45:00+00:00
1894.5999755859375,1895.800048828125,1891.9000244140625,1892.699951171875,81643,2025-09-30 07:00:00+00:00
1892.699951171875,1894.0,1889.0,1890.5,107960,2025-09-30 07:15:00+00:00
1890.5,1894.800048828125,1889.0999755859375,1892.5999755859375,135624,2025-09-30 07:30:00+00:00
1892.5999755859375,1895.5,1890.300048828125,1891.300048828125,114284,2025-09-30 07:45:00+00:00
1891.4000244140625,1891.5999755859375,1888.5,1890.5999755859375,114648,2025-09-30 08:00:00+00:00
1890.5999755859375,1891.9000244140625,1889.5,1891.0,107268,2025-09-30 08:15:00+00:00
1891.0,1891.300048828125,1886.0999755859375,1888.699951171875,176475,2025-09-30 08:30:00+00:00
1889.199951171875,1889.199951171875,1882.9000244140625,1885.699951171875,238687,2025-09-30 08:45:00+00:00
1885.699951171875,1888.199951171875,1884.0,1885.0,225774,2025-09-30 09:00:00+00:00
1885.4000244140625,1886.5999755859375,1881.4000244140625,1884.5999755859375,298670,2025-09-30 09:15:00+00:00
1884.5999755859375,1885.300048828125,1876.5,1878.0,1380658,2025-09-30 09:30:00+00:00
1878.0,1883.0,1875.5,1883.0,1151288,2025-09-30 09:45:00+00:00
1873.800048828125,1876.699951171875,1866.0,1868.4000244140625,162120,2025-10-01 03:45:00+00:00
1868.300048828125,1872.0,1863.0,1868.5,242362,2025-10-01 04:00:00+00:00
1868.4000244140625,1868.4000244140625,1861.0,1863.800048828125,187406,2025-10-01 04:15:00+00:00
1863.5999755859375,1866.699951171875,1862.5,1862.800048828125,156600,2025-10-01 04:30:00+00:00
1862.5999755859375,1863.0999755859375,1859.0999755859375,1861.0,162216,2025-10-01 04:45:00+00:00
1860.5999755859375,1865.199951171875,1860.300048828125,1861.0999755859375,187057,2025-10-01 05:00:00+00:00
1861.0999755859375,1861.9000244140625,1856.199951171875,1858.0999755859375,182488,2025-10-01 05:15:00+00:00
1858.0999755859375,1864.5,1857.300048828125,1862.9000244140625,173555,2025-10-01 05:30:00+00:00
1864.5,1870.0,1864.5,1869.699951171875,200534,2025-10-01 05:45:00+00:00
1869.699951171875,1871.5,1863.9000244140625,1871.5,398411,2025-10-01 06:00:00+00:00
1871.699951171875,1874.0,1866.9000244140625,1867.800048828125,180853,2025-10-01 06:15:00+00:00
1867.9000244140625,1872.4000244140625,1866.0999755859375,1871.199951171875,177120,2025-10-01 06:30:00+00:00
1871.199951171875,1874.0999755859375,1870.0,1872.0,140721,2025-10-01 06:45:00+00:00
1872.0,1872.0,1864.5999755859375,1864.5999755859375,151774,2025-10-01 07:00:00+00:00
1865.0,1867.0,1863.800048828125,1864.4000244140625,131553,2025-10-01 07:15:00+00:00
1864.800048828125,1865.9000244140625,1863.5,1865.5,131670,2025-10-01 07:30:00+00:00
1865.5999755859375,1867.5,1863.5,1866.699951171875,141746,2025-10-01 07:45:00+00:00
1866.800048828125,1867.300048828125,1864.199951171875,1865.300048828125,165731,2025-10-01 08:00:00+00:00
1865.800048828125,1866.199951171875,1863.300048828125,1864.5,148684,2025-10-01 08:15:00+00:00
1864.5,1867.800048828125,1864.0999755859375,1866.300048828125,162214,2025-10-01 08:30:00+00:00
1866.4000244140625,1870.0999755859375,1864.199951171875,1868.199951171875,268330,2025-10-01 08:45:00+00:00
1868.9000244140625,1870.0,1867.0999755859375,1868.9000244140625,183227,2025-10-01 09:00:00+00:00
1869.300048828125,1870.9000244140625,1867.5999755859375,1869.4000244140625,293715,2025-10-01 09:15:00+00:00
1869.4000244140625,1870.0,1865.4000244140625,1866.9000244140625,446206,2025-10-01 09:30:00+00:00
1867.0,1869.5,1866.0,1867.5999755859375,390840,2025-10-01 09:45:00+00:00
1855.4000244140625,1864.4000244140625,1848.300048828125,1863.300048828125,198392,2025-10-03 03:45:00+00:00
1863.300048828125,1867.0999755859375,1860.4000244140625,1867.0,108541,2025-10-03 04:00:00+00:00
1867.0,1873.800048828125,1864.5,1872.699951171875,109777,2025-10-03 04:15:00+00:00
1872.699951171875,1872.9000244140625,1870.0,1871.800048828125,100417,2025-10-03 04:30:00+00:00
1872.0,1876.0,1869.0999755859375,1875.4000244140625,91642,2025-10-03 04:45:00+00:00
1875.4000244140625,1878.0,1874.5999755859375,1875.0999755859375,94246,2025-10-03 05:00:00+00:00
1875.0999755859375,1877.800048828125,1873.0999755859375,1877.0999755859375,674342,2025-10-03 05:15:00+00:00
1876.9000244140625,1885.0,1876.5,1880.0,168151,2025-10-03 05:30:00+00:00
1880.0999755859375,1880.0999755859375,1875.4000244140625,1877.800048828125,111982,2025-10-03 05:45:00+00:00
1877.800048828125,1882.0,1877.300048828125,1882.0,146416,2025-10-03 06:00:00+00:00
1881.9000244140625,1881.9000244140625,1879.5999755859375,1880.5,95578,2025-10-03 06:15:00+00:00
1880.5,1889.4000244140625,1880.4000244140625,1888.0,149728,2025-10-03 06:30:00+00:00
1888.0,1888.0,1882.9000244140625,1882.9000244140625,103403,2025-10-03 06:45:00+00:00
1883.5,1886.699951171875,1880.4000244140625,1883.0999755859375,125964,2025-10-03 07:00:00+00:00
1883.0999755859375,1887.0999755859375,1883.0,1886.699951171875,87250,2025-10-03 07:15:00+00:00
1886.699951171875,1889.0,1884.9000244140625,1889.0,107135,2025-10-03 07:30:00+00:00
1889.5999755859375,1890.5999755859375,1888.0,1888.0999755859375,108721,2025-10-03 07:45:00+00:00
1888.0999755859375,1892.5999755859375,1888.0,1889.5,154456,2025-10-03 08:00:00+00:00
1889.5,1891.0,1886.5,1889.0,99221,2025-10-03 08:15:00+00:00
1889.0,1889.199951171875,1883.4000244140625,1884.0,96361,2025-10-03 08:30:00+00:00
1884.0,1887.5999755859375,1883.0999755859375,1886.5,130026,2025-10-03 08:45:00+00:00
1886.5,1891.300048828125,1886.4000244140625,1890.9000244140625,157676,2025-10-03 09:00:00+00:00
1891.0,1892.5,1888.800048828125,1892.199951171875,213045,2025-10-03 09:15:00+00:00
1892.300048828125,1900.300048828125,1892.199951171875,1895.300048828125,1016412,2025-10-03 09:30:00+00:00
1895.300048828125,1900.0,1892.9000244140625,1894.0,608946,2025-10-03 09:45:00+00:00
1895.9000244140625,1895.9000244140625,1887.5999755859375,1889.0999755859375,121383,2025-10-06 03:45:00+00:00
1889.4000244140625,1892.0,1889.0999755859375,1890.4000244140625,64349,2025-10-06 04:00:00+00:00
1890.5,1892.0,1889.5,1890.9000244140625,80032,2025-10-06 04:15:00+00:00
1890.9000244140625,1892.0,1889.5,1890.0,52225,2025-10-06 04:30:00+00:00
1889.5,1892.0,1888.5,1890.4000244140625,48114,2025-10-06 04:45:00+00:00
1890.199951171875,1896.699951171875,1889.5999755859375,1895.4000244140625,56192,2025-10-06 05:00:00+00:00
1894.800048828125,1895.5,1891.5999755859375,1892.5,144073,2025-10-06 05:15:00+00:00
1893.0999755859375,1899.9000244140625,1892.0999755859375,1899.5999755859375,122291,2025-10-06 05:30:00+00:00
1899.5,1902.699951171875,1897.199951171875,1902.4000244140625,79055,2025-10-06 05:45:00+00:00
1902.4000244140625,1904.9000244140625,1902.4000244140625,1902.699951171875,63405,2025-10-06 06:00:00+00:00
1902.4000244140625,1902.9000244140625,1898.699951171875,1899.9000244140625,56743,2025-10-06 06:15:00+00:00
1899.699951171875,1900.699951171875,1896.0,1898.699951171875,110124,2025-10-06 06:30:00+00:00
1898.199951171875,1900.0,1896.5999755859375,1899.300048828125,59792,2025-10-06 06:45:00+00:00
1899.300048828125,1899.800048828125,1898.699951171875,1899.699951171875,39283,2025-10-06 07:00:00+00:00
1899.699951171875,1901.9000244140625,1899.0,1901.9000244140625,163169,2025-10-06 07:15:00+00:00
1901.9000244140625,1904.9000244140625,1901.0999755859375,1904.4000244140625,53981,2025-10-06 07:30:00+00:00
1904.699951171875,1904.699951171875,1903.0,1904.4000244140625,43043,2025-10-06 07:45:00+00:00
1904.4000244140625,1907.0,1904.4000244140625,1905.0999755859375,47682,2025-10-06 08:00:00+00:00
1905.0999755859375,1905.199951171875,1897.300048828125,1899.699951171875,251282,2025-10-06 08:15:00+00:00
1900.0999755859375,1901.0,1899.0,1900.800048828125,34020,2025-10-06 08:30:00+00:00
1900.300048828125,1902.300048828125,1899.5999755859375,1900.4000244140625,65497,2025-10-06 08:45:00+00:00
1900.4000244140625,1901.800048828125,1899.300048828125,1900.800048828125,115789,2025-10-06 09:00:00+00:00
1901.4000244140625,1904.800048828125,1897.5,1901.9000244140625,236434,2025-10-06 09:15:00+00:00
1902.0,1903.0999755859375,1900.9000244140625,1903.0,197308,2025-10-06 09:30:00+00:00
1903.4000244140625,1905.0,1901.800048828125,1903.0999755859375,227800,2025-10-06 09:45:00+00:00
1902.699951171875,1913.699951171875,1901.699951171875,1907.300048828125,166088,2025-10-07 03:45:00+00:00
1907.300048828125,1913.5,1903.0,1913.0,187577,2025-10-07 04:00:00+00:00
1913.5,1921.0,1913.199951171875,1919.800048828125,187830,2025-10-07 04:15:00+00:00
1920.0999755859375,1933.5999755859375,1918.5999755859375,1933.5999755859375,474886,2025-10-07 04:30:00+00:00
1933.699951171875,1939.4000244140625,1926.4000244140625,1929.5999755859375,246647,2025-10-07 04:45:00+00:00
1929.5999755859375,1930.0,1924.5999755859375,1925.0,149505,2025-10-07 05:00:00+00:00
1925.0,1926.5,1921.199951171875,1924.300048828125,262822,2025-10-07 05:15:00+00:00
1924.300048828125,1928.5,1923.300048828125,1928.300048828125,99616,2025-10-07 05:30:00+00:00
1927.9000244140625,1928.199951171875,1921.4000244140625,1923.5999755859375,70903,2025-10-07 05:45:00+00:00
1923.5999755859375,1925.0,1919.0,1921.199951171875,255684,2025-10-07 06:00:00+00:00
1921.199951171875,1924.0,1919.5,1923.800048828125,75056,2025-10-07 06:15:00+00:00
1923.800048828125,1930.0,1923.5,1929.5,158393,2025-10-07 06:30:00+00:00
1929.0,1933.4000244140625,1928.800048828125,1932.5999755859375,95929,2025-10-07 06:45:00+00:00
1932.4000244140625,1936.800048828125,1931.0,1933.5,139323,2025-10-07 07:00:00+00:00
1933.4000244140625,1935.9000244140625,1932.4000244140625,1935.5,250587,2025-10-07 07:15:00+00:00
1935.5,1939.4000244140625,1935.0,1938.5,275995,2025-10-07 07:30:00+00:00
1938.800048828125,1943.800048828125,1935.300048828125,1942.9000244140625,197436,2025-10-07 07:45:00+00:00
1942.9000244140625,1943.9000244140625,1938.0999755859375,1943.300048828125,206598,2025-10-07 08:00:00+00:00
1943.300048828125,1946.0,1940.199951171875,1940.699951171875,128964,2025-10-07 08:15:00+00:00
1940.699951171875,1943.4000244140625,1940.4000244140625,1942.699951171875,128845,2025-10-07 08:30:00+00:00
1942.699951171875,1943.4000244140625,1933.699951171875,1934.4000244140625,232071,2025-10-07 08:45:00+00:00
1934.4000244140625,1937.0999755859375,1927.699951171875,1930.199951171875,271232,2025-10-07 09:00:00+00:00
1930.0999755859375,1935.0999755859375,1928.9000244140625,1930.0,233715,2025-10-07 09:15:00+00:00
1930.0999755859375,1931.5999755859375,1926.199951171875,1928.0,658488,2025-10-07 09:30:00+00:00
1927.5999755859375,1933.5,1927.4000244140625,1933.0,418881,2025-10-07 09:45:00+00:00
1932.5999755859375,1939.9000244140625,1928.199951171875,1932.5999755859375,246997,2025-10-08 03:45:00+00:00
1932.5999755859375,1937.800048828125,1929.4000244140625,1933.4000244140625,200949,2025-10-08 04:00:00+00:00
1933.4000244140625,1943.5,1933.4000244140625,1938.4000244140625,204541,2025-10-08 04:15:00+00:00
1938.4000244140625,1947.800048828125,1936.9000244140625,1947.699951171875,231629,2025-10-08 04:30:00+00:00
1947.5,1962.5999755859375,1946.800048828125,1953.5,334930,2025-10-08 04:45:00+00:00
1953.699951171875,1955.0,1948.0999755859375,1952.800048828125,226644,2025-10-08 05:00:00+00:00
1953.0,1954.0,1946.9000244140625,1947.699951171875,80583,2025-10-08 05:15:00+00:00
1947.699951171875,1947.9000244140625,1944.0,1945.5999755859375,116946,2025-10-08 05:30:00+00:00
1945.5999755859375,1946.9000244140625,1940.300048828125,1940.4000244140625,107346,2025-10-08 05:45:00+00:00
1940.0,1942.699951171875,1938.699951171875,1940.5999755859375,71536,2025-10-08 06:00:00+00:00
1940.5,1945.0,1938.0999755859375,1943.9000244140625,171998,2025-10-08 06:15:00+00:00
1944.5,1944.699951171875,1940.9000244140625,1941.5,86819,2025-10-08 06:30:00+00:00
1941.800048828125,1947.800048828125,1941.5,1945.0,77757,2025-10-08 06:45:00+00:00
1944.800048828125,1947.5,1944.0,1945.300048828125,61285,2025-10-08 07:00:00+00:00
1945.4000244140625,1947.699951171875,1944.4000244140625,1947.199951171875,67421,2025-10-08 07:15:00+00:00
1947.199951171875,1949.300048828125,1945.0999755859375,1948.9000244140625,91339,2025-10-08 07:30:00+00:00
1949.0,1949.0,1946.4000244140625,1947.300048828125,55113,2025-10-08 07:45:00+00:00
1947.300048828125,1955.4000244140625,1946.5999755859375,1955.0999755859375,263143,2025-10-08 08:00:00+00:00
1955.0999755859375,1957.4000244140625,1953.9000244140625,1956.199951171875,176122,2025-10-08 08:15:00+00:00
1956.0999755859375,1957.0,1948.199951171875,1951.0,237058,2025-10-08 08:30:00+00:00
1951.0,1954.800048828125,1950.0,1952.4000244140625,167952,2025-10-08 08:45:00+00:00
1952.300048828125,1956.4000244140625,1951.199951171875,1951.5,257470,2025-10-08 09:00:00+00:00
1951.5999755859375,1951.9000244140625,1946.0,1949.5,177076,2025-10-08 09:15:00+00:00
1949.5,1949.5,1942.5,1942.9000244140625,476799,2025-10-08 09:30:00+00:00
1943.0,1943.5999755859375,1939.0,1943.5,437085,2025-10-08 09:45:00+00:00
1943.0,1945.0,1935.0999755859375,1944.800048828125,92726,2025-10-09 03:45:00+00:00
1945.300048828125,1946.0999755859375,1941.0999755859375,1941.5,90529,2025-10-09 04:00:00+00:00
1941.4000244140625,1942.0999755859375,1937.5,1939.300048828125,99340,2025-10-09 04:15:00+00:00
1939.300048828125,1939.9000244140625,1933.0999755859375,1934.0,103467,2025-10-09 04:30:00+00:00
1933.699951171875,1935.0,1931.4000244140625,1934.5999755859375,81110,2025-10-09 04:45:00+00:00
1935.5,1945.0,1934.0,1944.800048828125,96049,2025-10-09 05:00:00+00:00
1944.9000244140625,1946.5999755859375,1941.0,1943.300048828125,74431,2025-10-09 05:15:00+00:00
1943.9000244140625,1946.0,1942.4000244140625,1944.800048828125,111878,2025-10-09 05:30:00+00:00
1944.5,1945.0999755859375,1942.800048828125,1943.699951171875,69984,2025-10-09 05:45:00+00:00
1943.5999755859375,1945.0,1939.9000244140625,1940.4000244140625,161831,2025-10-09 06:00:00+00:00
1941.199951171875,1944.300048828125,1938.0999755859375,1939.5999755859375,174511,2025-10-09 06:15:00+00:00
1939.800048828125,1944.4000244140625,1939.4000244140625,1941.699951171875,130613,2025-10-09 06:30:00+00:00
1941.699951171875,1944.0,1941.5,1941.800048828125,141707,2025-10-09 06:45:00+00:00
1941.800048828125,1942.0999755859375,1936.300048828125,1938.4000244140625,108437,2025-10-09 07:00:00+00:00
1938.199951171875,1940.5,1937.0,1939.4000244140625,97767,2025-10-09 07:15:00+00:00
1939.4000244140625,1940.5,1936.5999755859375,1938.800048828125,114579,2025-10-09 07:30:00+00:00
1938.5,1939.199951171875,1936.0999755859375,1938.4000244140625,93433,2025-10-09 07:45:00+00:00
1938.0999755859375,1941.0,1937.300048828125,1940.0,87464,2025-10-09 08:00:00+00:00
1940.0,1943.199951171875,1939.0999755859375,1941.699951171875,84164,2025-10-09 08:15:00+00:00
1942.5,1942.9000244140625,1936.5,1937.5,112648,2025-10-09 08:30:00+00:00
1937.5,1938.699951171875,1935.0,1937.199951171875,157634,2025-10-09 08:45:00+00:00
1936.5999755859375,1940.5999755859375,1936.5,1939.0,205934,2025-10-09 09:00:00+00:00
1939.0,1939.0,1934.199951171875,1937.199951171875,206835,2025-10-09 09:15:00+00:00
1937.699951171875,1943.4000244140625,1936.800048828125,1943.0,613908,2025-10-09 09:30:00+00:00
1943.0,1946.5,1942.0999755859375,1946.5,467535,2025-10-09 09:45:00+00:00
1937.5,1947.0,1937.5,1946.5,72756,2025-10-10 03:45:00+00:00
1946.5,1947.0,1939.699951171875,1941.5999755859375,79276,2025-10-10 04:00:00+00:00
1942.699951171875,1942.699951171875,1939.0999755859375,1942.199951171875,71030,2025-10-10 04:15:00+00:00
1941.800048828125,1942.9000244140625,1939.5,1941.0999755859375,83875,2025-10-10 04:30:00+00:00
1941.4000244140625,1943.0999755859375,1939.0,1941.0999755859375,103266,2025-10-10 04:45:00+00:00
1940.800048828125,1941.5999755859375,1938.0999755859375,1938.4000244140625,97918,2025-10-10 05:00:00+00:00
1938.5999755859375,1941.5,1937.5,1940.4000244140625,82149,2025-10-10 05:15:00+00:00
1940.4000244140625,1943.0999755859375,1939.9000244140625,1942.0,154805,2025-10-10 05:30:00+00:00
1942.0,1943.5999755859375,1941.0,1942.800048828125,100235,2025-10-10 05:45:00+00:00
1942.4000244140625,1944.0,1940.699951171875,1941.699951171875,109029,2025-10-10 06:00:00+00:00
1942.0,1942.800048828125,1940.5999755859375,1941.5,42192,2025-10-10 06:15:00+00:00
1942.5,1942.9000244140625,1939.0,1940.4000244140625,50450,2025-10-10 06:30:00+00:00
1940.199951171875,1940.5,1938.0999755859375,1939.300048828125,46228,2025-10-10 06:45:00+00:00
1939.300048828125,1940.0999755859375,1938.0999755859375,1939.800048828125,56275,2025-10-10 07:00:00+00:00
1939.9000244140625,1942.300048828125,1938.5999755859375,1940.800048828125,64992,2025-10-10 07:15:00+00:00
1940.800048828125,1941.5999755859375,1937.4000244140625,1938.800048828125,78136,2025-10-10 07:30:00+00:00
1938.4000244140625,1940.199951171875,1937.0,1938.800048828125,135039,2025-10-10 07:45:00+00:00
1938.0999755859375,1942.0999755859375,1938.0,1940.699951171875,69196,2025-10-10 08:00:00+00:00
1941.300048828125,1941.699951171875,1939.5,1940.4000244140625,67381,2025-10-10 08:15:00+00:00
1940.300048828125,1941.4000244140625,1938.699951171875,1940.800048828125,58928,2025-10-10 08:30:00+00:00
1940.800048828125,1941.5,1939.5999755859375,1939.9000244140625,80459,2025-10-10 08:45:00+00:00
1939.9000244140625,1940.5999755859375,1938.0999755859375,1938.4000244140625,72481,2025-10-10 09:00:00+00:00
1938.4000244140625,1938.800048828125,1935.5,1938.699951171875,117671,2025-10-10 09:15:00+00:00
1938.699951171875,1940.5,1936.5999755859375,1940.199951171875,220642,2025-10-10 09:30:00+00:00
1940.199951171875,1942.0,1939.699951171875,1939.9000244140625,277995,2025-10-10 09:45:00+00:00
1937.9000244140625,1956.5,1937.9000244140625,1953.5,193619,2025-10-13 03:45:00+00:00
1954.0,1961.4000244140625,1950.0999755859375,1960.199951171875,274870,2025-10-13 04:00:00+00:00
1960.5,1962.5,1955.800048828125,1955.800048828125,184387,2025-10-13 04:15:00+00:00
1955.9000244140625,1958.5,1953.5,1958.5,91285,2025-10-13 04:30:00+00:00
1958.300048828125,1961.800048828125,1956.5,1961.0,154775,2025-10-13 04:45:00+00:00
1961.0999755859375,1965.9000244140625,1959.0999755859375,1960.0,250609,2025-10-13 05:00:00+00:00
1960.0,1960.9000244140625,1958.0,1959.5999755859375,106029,2025-10-13 05:15:00+00:00
1959.800048828125,1960.300048828125,1956.0,1956.0999755859375,98903,2025-10-13 05:30:00+00:00
1956.199951171875,1957.800048828125,1952.699951171875,1953.0,182353,2025-10-13 05:45:00+00:00
1953.0,1954.9000244140625,1949.0,1950.199951171875,94547,2025-10-13 06:00:00+00:00
1950.0,1950.199951171875,1946.0999755859375,1947.4000244140625,123965,2025-10-13 06:15:00+00:00
1947.4000244140625,1952.699951171875,1945.0,1952.199951171875,125098,2025-10-13 06:30:00+00:00
1952.300048828125,1953.9000244140625,1951.0,1952.699951171875,82714,2025-10-13 06:45:00+00:00
1952.5999755859375,1955.5,1951.5999755859375,1954.0,72710,2025-10-13 07:00:00+00:00
1953.199951171875,1954.0,1950.0,1950.4000244140625,71187,2025-10-13 07:15:00+00:00
1951.0999755859375,1954.0,1949.0999755859375,1953.699951171875,132844,2025-10-13 07:30:00+00:00
1953.800048828125,1954.5,1950.0999755859375,1951.5999755859375,82149,2025-10-13 07:45:00+00:00
1951.5999755859375,1953.699951171875,1950.800048828125,1953.5999755859375,48887,2025-10-13 08:00:00+00:00
1953.5999755859375,1956.0,1953.0999755859375,1954.5999755859375,188996,2025-10-13 08:15:00+00:00
1954.5,1958.5,1954.0999755859375,1955.300048828125,117728,2025-10-13 08:30:00+00:00
1955.4000244140625,1960.0,1953.5,1958.5,211154,2025-10-13 08:45:00+00:00
1958.5999755859375,1959.5,1956.300048828125,1958.199951171875,76824,2025-10-13 09:00:00+00:00
1958.199951171875,1959.800048828125,1957.0,1957.9000244140625,91875,2025-10-13 09:15:00+00:00
1957.699951171875,1957.800048828125,1953.699951171875,1953.800048828125,212311,2025-10-13 09:30:00+00:00
1953.9000244140625,1956.300048828125,1952.0,1955.0,188785,2025-10-13 09:45:00+00:00
1960.0,1963.9000244140625,1950.199951171875,1953.300048828125,59888,2025-10-14 03:45:00+00:00
1953.5,1954.9000244140625,1947.199951171875,1947.5,67254,2025-10-14 04:00:00+00:00
1947.4000244140625,1950.0999755859375,1944.199951171875,1944.199951171875,93993,2025-10-14 04:15:00+00:00
1944.300048828125,1947.0,1940.199951171875,1943.300048828125,81073,2025-10-14 04:30:00+00:00
1943.0,1945.0,1939.4000244140625,1942.699951171875,48392,2025-10-14 04:45:00+00:00
1942.699951171875,1948.5,1942.699951171875,1946.199951171875,90435,2025-10-14 05:00:00+00:00
1945.800048828125,1948.5999755859375,1944.699951171875,1948.5999755859375,60033,2025-10-14 05:15:00+00:00
1948.4000244140625,1952.9000244140625,1947.699951171875,1952.5999755859375,205744,2025-10-14 05:30:00+00:00
1952.5999755859375,1955.699951171875,1951.699951171875,1954.0999755859375,334513,2025-10-14 05:45:00+00:00
1954.0999755859375,1954.0999755859375,1951.199951171875,1952.0,87876,2025-10-14 06:00:00+00:00
1952.0999755859375,1953.5999755859375,1950.199951171875,1952.5,75289,2025-10-14 06:15:00+00:00
1952.4000244140625,1952.4000244140625,1940.199951171875,1945.300048828125,185746,2025-10-14 06:30:00+00:00
1945.300048828125,1950.199951171875,1943.800048828125,1944.5999755859375,61456,2025-10-14 06:45:00+00:00
1943.9000244140625,1945.0,1939.199951171875,1940.5999755859375,116725,2025-10-14 07:00:00+00:00
1940.4000244140625,1946.5999755859375,1939.5,1945.0,86206,2025-10-14 07:15:00+00:00
1944.699951171875,1946.9000244140625,1943.199951171875,1945.0,157144,2025-10-14 07:30:00+00:00
1945.0,1945.0,1942.199951171875,1943.699951171875,41171,2025-10-14 07:45:00+00:00
1943.800048828125,1950.199951171875,1943.800048828125,1948.4000244140625,171214,2025-10-14 08:00:00+00:00
1948.300048828125,1951.5,1946.5,1949.0,186154,2025-10-14 08:15:00+00:00
1948.699951171875,1950.9000244140625,1947.300048828125,1950.800048828125,164723,2025-10-14 08:30:00+00:00
1950.800048828125,1951.5999755859375,1946.0,1949.300048828125,247330,2025-10-14 08:45:00+00:00
1949.300048828125,1954.199951171875,1948.699951171875,1951.699951171875,260423,2025-10-14 09:00:00+00:00
1951.5999755859375,1952.5999755859375,1944.199951171875,1948.699951171875,234431,2025-10-14 09:15:00+00:00
1948.199951171875,1949.5,1944.5,1944.9000244140625,651127,2025-10-14 09:30:00+00:00
1945.0,1948.199951171875,1943.0999755859375,1946.5999755859375,563393,2025-10-14 09:45:00+00:00
1951.5999755859375,1963.5999755859375,1951.5999755859375,1961.199951171875,151364,2025-10-15 03:45:00+00:00
1961.0999755859375,1961.9000244140625,1955.0,1956.0999755859375,90551,2025-10-15 04:00:00+00:00
1955.4000244140625,1958.199951171875,1955.4000244140625,1958.199951171875,68456,2025-10-15 04:15:00+00:00
1958.4000244140625,1959.9000244140625,1957.5,1958.4000244140625,56202,2025-10-15 04:30:00+00:00
1958.9000244140625,1961.0,1957.0999755859375,1960.0999755859375,98453,2025-10-15 04:45:00+00:00
1960.0999755859375,1960.800048828125,1957.699951171875,1958.0,80439,2025-10-15 05:00:00+00:00
1958.0,1961.199951171875,1957.5,1961.0999755859375,76514,2025-10-15 05:15:00+00:00
1961.0999755859375,1963.5,1959.800048828125,1959.9000244140625,98533,2025-10-15 05:30:00+00:00
1959.800048828125,1962.5999755859375,1958.5,1962.5,53680,2025-10-15 05:45:00+00:00
1962.5999755859375,1962.9000244140625,1959.0999755859375,1959.0999755859375,44504,2025-10-15 06:00:00+00:00
1959.0,1960.4000244140625,1958.800048828125,1959.0999755859375,56843,2025-10-15 06:15:00+00:00
1959.0999755859375,1960.199951171875,1957.199951171875,1959.5,94368,2025-10-15 06:30:00+00:00
1958.699951171875,1961.5,1958.4000244140625,1960.5,97405,2025-10-15 06:45:00+00:00
1960.5,1962.699951171875,1960.199951171875,1962.5999755859375,69196,2025-10-15 07:00:00+00:00
1962.5,1965.0,1961.0,1964.9000244140625,87788,2025-10-15 07:15:00+00:00
1964.9000244140625,1966.0,1963.0,1965.4000244140625,118766,2025-10-15 07:30:00+00:00
1965.300048828125,1973.9000244140625,1965.199951171875,1971.9000244140625,200929,2025-10-15 07:45:00+00:00
1971.800048828125,1976.0,1970.0999755859375,1975.5,107088,2025-10-15 08:00:00+00:00
1975.5,1975.699951171875,1970.0999755859375,1970.800048828125,103262,2025-10-15 08:15:00+00:00
1970.5,1974.5999755859375,1968.5,1974.0,129804,2025-10-15 08:30:00+00:00
1974.0,1975.0,1970.5,1974.199951171875,125334,2025-10-15 08:45:00+00:00
1974.199951171875,1974.199951171875,1971.199951171875,1973.0,99728,2025-10-15 09:00:00+00:00
1973.0,1973.4000244140625,1968.4000244140625,1970.4000244140625,146403,2025-10-15 09:15:00+00:00
1970.4000244140625,1971.199951171875,1966.0999755859375,1969.9000244140625,460952,2025-10-15 09:30:00+00:00
1969.800048828125,1970.0999755859375,1967.0,1968.5,383560,2025-10-15 09:45:00+00:00
1964.0,1977.800048828125,1962.0999755859375,1974.300048828125,99284,2025-10-16 03:45:00+00:00
1974.5,1982.800048828125,1974.4000244140625,1982.800048828125,168926,2025-10-16 04:00:00+00:00
1983.0,1986.0,1982.0,1982.9000244140625,143458,2025-10-16 04:15:00+00:00
1983.0,1986.0,1979.199951171875,1981.0,125141,2025-10-16 04:30:00+00:00
1981.0999755859375,1981.300048828125,1979.0999755859375,1979.5999755859375,56126,2025-10-16 04:45:00+00:00
1979.699951171875,1980.199951171875,1977.300048828125,1979.0999755859375,99207,2025-10-16 05:00:00+00:00
1979.4000244140625,1979.4000244140625,1975.0,1976.0,82004,2025-10-16 05:15:00+00:00
1976.0,1981.0999755859375,1976.0,1980.300048828125,68623,2025-10-16 05:30:00+00:00
1980.300048828125,1980.4000244140625,1974.0999755859375,1974.5,206241,2025-10-16 05:45:00+00:00
1973.9000244140625,1975.199951171875,1971.0,1972.0999755859375,109194,2025-10-16 06:00:00+00:00
1972.199951171875,1972.300048828125,1967.699951171875,1968.199951171875,68865,2025-10-16 06:15:00+00:00
1968.199951171875,1974.9000244140625,1968.199951171875,1974.699951171875,85171,2025-10-16 06:30:00+00:00
1975.0,1975.300048828125,1971.199951171875,1974.5,72397,2025-10-16 06:45:00+00:00
1974.699951171875,1976.0,1972.699951171875,1972.699951171875,60587,2025-10-16 07:00:00+00:00
1972.699951171875,1974.9000244140625,1972.199951171875,1974.0999755859375,96791,2025-10-16 07:15:00+00:00
1974.0999755859375,1976.800048828125,1972.5,1976.699951171875,118621,2025-10-16 07:30:00+00:00
1976.800048828125,1976.800048828125,1972.699951171875,1973.800048828125,132405,2025-10-16 07:45:00+00:00
1974.0,1977.699951171875,1973.4000244140625,1977.300048828125,127590,2025-10-16 08:00:00+00:00
1977.199951171875,1978.199951171875,1975.0,1975.9000244140625,87891,2025-10-16 08:15:00+00:00
1975.800048828125,1980.0,1975.800048828125,1977.5999755859375,152242,2025-10-16 08:30:00+00:00
1977.5999755859375,1978.9000244140625,1973.0999755859375,1973.0999755859375,140068,2025-10-16 08:45:00+00:00
1973.199951171875,1976.0,1972.0,1973.5,229549,2025-10-16 09:00:00+00:00
1973.800048828125,1976.5,1964.4000244140625,1968.199951171875,262223,2025-10-16 09:15:00+00:00
1968.300048828125,1971.5999755859375,1965.0,1965.699951171875,373265,2025-10-16 09:30:00+00:00
1965.699951171875,1970.300048828125,1965.5999755859375,1967.4000244140625,326325,2025-10-16 09:45:00+00:00
1973.5999755859375,1982.0,1970.300048828125,1982.0,124376,2025-10-17 03:45:00+00:00
1982.0,1984.800048828125,1980.0999755859375,1983.5,249218,2025-10-17 04:00:00+00:00
1984.0,1992.300048828125,1982.5999755859375,1987.5,316394,2025-10-17 04:15:00+00:00
1988.0,1996.199951171875,1984.699951171875,1993.4000244140625,285318,2025-10-17 04:30:00+00:00
1993.5,1996.0999755859375,1992.5999755859375,1995.0999755859375,108626,2025-10-17 04:45:00+00:00
1995.699951171875,2002.4000244140625,1995.0,1999.5,268252,2025-10-17 05:00:00+00:00
1999.800048828125,2004.5,1998.199951171875,2004.0,162140,2025-10-17 05:15:00+00:00
2004.0,2019.5,2003.699951171875,2017.5,502484,2025-10-17 05:30:00+00:00
2017.5,2034.0,2017.5,2026.0,467608,2025-10-17 05:45:00+00:00
2026.199951171875,2031.5,2021.300048828125,2028.5999755859375,212138,2025-10-17 06:00:00+00:00
2028.5,2031.4000244140625,2020.5999755859375,2025.4000244140625,268210,2025-10-17 06:15:00+00:00
2025.9000244140625,2028.0,2021.0,2022.800048828125,109937,2025-10-17 06:30:00+00:00
2023.300048828125,2031.0,2018.5999755859375,2030.300048828125,209320,2025-10-17 06:45:00+00:00
2031.0,2032.5999755859375,2027.5999755859375,2028.0999755859375,139233,2025-10-17 07:00:00+00:00
2028.9000244140625,2029.9000244140625,2018.0,2025.0999755859375,354468,2025-10-17 07:15:00+00:00
2025.0,2027.5,2018.699951171875,2024.0,334037,2025-10-17 07:30:00+00:00
2024.0,2026.5,2022.5,2022.9000244140625,151762,2025-10-17 07:45:00+00:00
2023.0,2028.0,2020.0,2027.5,265337,2025-10-17 08:00:00+00:00
2027.4000244140625,2029.699951171875,2023.0,2029.699951171875,206823,2025-10-17 08:15:00+00:00
2029.800048828125,2029.9000244140625,2027.0,2027.9000244140625,221050,2025-10-17 08:30:00+00:00
2027.5999755859375,2028.5999755859375,2021.0,2021.0,368510,2025-10-17 08:45:00+00:00
2021.199951171875,2024.0,2018.9000244140625,2020.9000244140625,300670,2025-10-17 09:00:00+00:00
2020.800048828125,2022.800048828125,2015.0,2015.5999755859375,247946,2025-10-17 09:15:00+00:00
2015.699951171875,2018.199951171875,2011.300048828125,2012.800048828125,358051,2025-10-17 09:30:00+00:00
2012.800048828125,2013.0,2007.0,2012.0,373175,2025-10-17 09:45:00+00:00
